-- --------------------------------------------------------
-- Host:                         127.0.0.1
-- Server version:               5.1.33-community - MySQL Community Server (GPL)
-- Server OS:                    Win32
-- HeidiSQL Version:             9.4.0.5125
-- --------------------------------------------------------

/*!40101 SET @OLD_CHARACTER_SET_CLIENT=@@CHARACTER_SET_CLIENT */;
/*!40101 SET NAMES utf8 */;
/*!40014 SET @OLD_FOREIGN_KEY_CHECKS=@@FOREIGN_KEY_CHECKS, FOREIGN_KEY_CHECKS=0 */;
/*!40101 SET @OLD_SQL_MODE=@@SQL_MODE, SQL_MODE='NO_AUTO_VALUE_ON_ZERO' */;


-- Dumping database structure for db_sungem
CREATE DATABASE IF NOT EXISTS `db_sungem` /*!40100 DEFAULT CHARACTER SET latin1 */;
USE `db_sungem`;

-- Dumping structure for table db_sungem.tbl_access
CREATE TABLE IF NOT EXISTS `tbl_access` (
  `acc_id` int(4) unsigned NOT NULL AUTO_INCREMENT,
  `acc_name` varchar(50) NOT NULL DEFAULT '',
  `date_added` date NOT NULL DEFAULT '0000-00-00',
  `time_added` time NOT NULL DEFAULT '00:00:00',
  `date_modified` date NOT NULL DEFAULT '0000-00-00',
  `time_modified` time NOT NULL DEFAULT '00:00:00',
  PRIMARY KEY (`acc_id`)
) ENGINE=MyISAM AUTO_INCREMENT=4006 DEFAULT CHARSET=latin1;

-- Dumping data for table db_sungem.tbl_access: 2 rows
/*!40000 ALTER TABLE `tbl_access` DISABLE KEYS */;
INSERT INTO `tbl_access` (`acc_id`, `acc_name`, `date_added`, `time_added`, `date_modified`, `time_modified`) VALUES
	(4001, 'Admin', '2017-04-02', '09:45:55', '2017-04-05', '14:26:42'),
	(4002, 'Staff', '2017-04-05', '10:21:41', '2017-04-07', '14:36:39');
/*!40000 ALTER TABLE `tbl_access` ENABLE KEYS */;

-- Dumping structure for table db_sungem.tbl_area
CREATE TABLE IF NOT EXISTS `tbl_area` (
  `area_id` int(2) unsigned NOT NULL AUTO_INCREMENT,
  `area_name` varchar(180) NOT NULL DEFAULT '',
  `status` int(1) NOT NULL DEFAULT '1',
  PRIMARY KEY (`area_id`)
) ENGINE=MyISAM AUTO_INCREMENT=19 DEFAULT CHARSET=latin1;

-- Dumping data for table db_sungem.tbl_area: 7 rows
/*!40000 ALTER TABLE `tbl_area` DISABLE KEYS */;
INSERT INTO `tbl_area` (`area_id`, `area_name`, `status`) VALUES
	(10, 'Bacolod City', 1),
	(11, 'Aklan Province', 1),
	(12, 'Capiz Province', 1),
	(13, 'Iloilo Province', 1),
	(14, 'Negros Occidental Province', 1),
	(15, 'Negros Oriental Province', 1),
	(16, 'Dos Hermanas', 1);
/*!40000 ALTER TABLE `tbl_area` ENABLE KEYS */;

-- Dumping structure for table db_sungem.tbl_cart
CREATE TABLE IF NOT EXISTS `tbl_cart` (
  `c_id` int(8) unsigned NOT NULL AUTO_INCREMENT,
  `pro_id` int(5) NOT NULL DEFAULT '0',
  `c_qty` int(10) NOT NULL DEFAULT '0',
  `usr_id` int(4) NOT NULL DEFAULT '0',
  `c_subtotal` float(10,2) NOT NULL DEFAULT '0.00',
  `client_id` int(4) NOT NULL DEFAULT '0',
  PRIMARY KEY (`c_id`),
  KEY `pro_id` (`pro_id`,`usr_id`),
  KEY `client_id` (`client_id`)
) ENGINE=MyISAM AUTO_INCREMENT=1000074 DEFAULT CHARSET=latin1;

-- Dumping data for table db_sungem.tbl_cart: 4 rows
/*!40000 ALTER TABLE `tbl_cart` DISABLE KEYS */;
INSERT INTO `tbl_cart` (`c_id`, `pro_id`, `c_qty`, `usr_id`, `c_subtotal`, `client_id`) VALUES
	(1000070, 10026, 20, 1008, 1120.00, 1008),
	(1000071, 10076, 17, 1008, 12240.00, 1008),
	(1000072, 10066, 10, 1008, 1980.00, 1008),
	(1000073, 10113, 2, 1008, 32.00, 1008);
/*!40000 ALTER TABLE `tbl_cart` ENABLE KEYS */;

-- Dumping structure for table db_sungem.tbl_category
CREATE TABLE IF NOT EXISTS `tbl_category` (
  `cat_id` int(2) unsigned NOT NULL AUTO_INCREMENT,
  `cat_name` varchar(50) NOT NULL DEFAULT '',
  `description` varchar(500) NOT NULL DEFAULT '',
  `status` int(2) NOT NULL DEFAULT '1',
  `date_added` date NOT NULL DEFAULT '0000-00-00',
  `time_added` time NOT NULL DEFAULT '00:00:00',
  `date_modified` date NOT NULL DEFAULT '0000-00-00',
  `time_modified` time NOT NULL DEFAULT '00:00:00',
  PRIMARY KEY (`cat_id`)
) ENGINE=MyISAM AUTO_INCREMENT=30 DEFAULT CHARSET=latin1;

-- Dumping data for table db_sungem.tbl_category: 20 rows
/*!40000 ALTER TABLE `tbl_category` DISABLE KEYS */;
INSERT INTO `tbl_category` (`cat_id`, `cat_name`, `description`, `status`, `date_added`, `time_added`, `date_modified`, `time_modified`) VALUES
	(10, 'ANTI-BACTERIAL', 'Anything that destroys bacteria or suppresses their growth or their ability to reproduce.', 1, '2017-05-15', '00:09:00', '0000-00-00', '00:00:00'),
	(11, 'ANTIANGINAL DRUG', 'Used to provide immediate relief from symptoms and prevent angina attacks.', 1, '2017-05-15', '00:09:00', '0000-00-00', '00:00:00'),
	(12, 'ANTI-FUNGAL', 'A drug used to treat fungal infections.', 1, '2017-05-15', '00:09:00', '0000-00-00', '00:00:00'),
	(13, 'ANALGESIC/ANTIPYRETIC', 'Painkiller is any member of the group of drugs used to achieve analgesia, relief from pains.', 1, '2017-05-15', '00:09:00', '2017-07-12', '02:41:43'),
	(14, 'COUGH PREP\'N', 'Antitussives are cough suppressants. They relieve your cough by blocking the cough reflex.', 1, '2017-05-15', '00:09:00', '0000-00-00', '00:00:00'),
	(15, 'ANTI-INFLAMMATORY DRUG', 'Alleviate pain by counteracting the cyclooxygenase (COX) enzyme. On its own, COX enzyme synthesizes prostaglandins, creating inflammation.', 1, '2017-05-15', '00:09:00', '0000-00-00', '00:00:00'),
	(16, 'ANTITHROMBOTIC', 'Antithrombotic magic churchur (INSERT CONTENT)', 1, '2017-05-15', '00:09:00', '0000-00-00', '00:00:00'),
	(17, 'OXYTOCIC', 'Peptide hormone and neuropeptide', 1, '2017-05-15', '00:09:00', '0000-00-00', '00:00:00'),
	(18, 'LAXATIVE', 'Substances that loosen stools and increase bowel movements.', 1, '2017-05-15', '00:09:00', '0000-00-00', '00:00:00'),
	(19, 'INJECTABLES', 'A soft tissue filler injected into the skin to help fill in facial wrinkles, restoring a smoother appearance. ', 1, '2017-05-15', '00:09:00', '0000-00-00', '00:00:00'),
	(20, 'DECONGESTANT/ANTIPYRETIC', 'A type of pharmaceutical drug that is used to relieve nasal congestion in the upper respiratory tract. ', 1, '2017-05-15', '00:09:00', '0000-00-00', '00:00:00'),
	(21, 'GASTROKINETIC', 'A type of drug which enhances gastrointestinal motility by increasing the frequency of contractions in the small intestine or making them stronger, but without disrupting their rhy', 1, '2017-05-15', '00:09:00', '0000-00-00', '00:00:00'),
	(22, 'SKELETAL MUSCLE RELAXANT', 'Act on the central nervous system (CNS) to relax muscles.', 1, '2017-05-15', '00:09:00', '0000-00-00', '00:00:00'),
	(23, 'ANTI-ASTHMA', 'Used to relieve the symptoms of asthma thihsidsandas', 1, '2017-05-15', '00:09:00', '2017-07-31', '10:14:00'),
	(24, 'ANTIBACTERIAL OINTMENT', '(INSERT CONTENT)', 1, '2017-05-15', '00:09:00', '0000-00-00', '00:00:00'),
	(25, 'OPTHALMIC ANTIBACTERIAL DROPS', 'Comes in the form of eye drops or ointment. It is available only with a physician\'s prescription.', 1, '2017-05-15', '00:09:00', '0000-00-00', '00:00:00'),
	(26, 'VITAMINS', 'An organic compound and a vital nutrient that an organism requires in limited amounts. ', 1, '2017-05-15', '00:09:00', '0000-00-00', '00:00:00'),
	(27, 'Hala', '123', 0, '2017-07-09', '19:01:41', '2017-07-09', '19:01:48'),
	(28, 'Jason', 'jason', 0, '2017-07-31', '10:14:10', '2017-09-13', '05:08:48'),
	(29, 'Jaon', 'Lim', 0, '2017-09-15', '13:50:10', '2017-09-15', '13:50:20');
/*!40000 ALTER TABLE `tbl_category` ENABLE KEYS */;

-- Dumping structure for table db_sungem.tbl_client
CREATE TABLE IF NOT EXISTS `tbl_client` (
  `client_id` int(4) unsigned NOT NULL AUTO_INCREMENT,
  `client_name` varchar(180) NOT NULL DEFAULT '',
  `usr_username` varchar(180) NOT NULL DEFAULT '',
  `usr_password` varchar(180) NOT NULL DEFAULT '',
  `usr_firstname` varchar(180) NOT NULL DEFAULT '',
  `usr_lastname` varchar(180) NOT NULL DEFAULT '',
  `lto_no` varchar(50) NOT NULL DEFAULT '',
  `area_id` int(11) NOT NULL DEFAULT '0',
  `address` varchar(180) NOT NULL DEFAULT '',
  `contact_no` varchar(25) NOT NULL DEFAULT '',
  `email` varchar(50) NOT NULL DEFAULT '',
  `web_status` int(2) NOT NULL DEFAULT '0',
  `medrep_id` int(4) NOT NULL DEFAULT '0',
  `date_added` date NOT NULL DEFAULT '0000-00-00',
  `time_added` time NOT NULL DEFAULT '00:00:00',
  `date_modified` date NOT NULL DEFAULT '0000-00-00',
  `time_modified` time NOT NULL DEFAULT '00:00:00',
  `status` int(2) unsigned DEFAULT '1',
  `usr_id` int(4) NOT NULL DEFAULT '0',
  PRIMARY KEY (`client_id`),
  KEY `area_id` (`area_id`),
  KEY `medrep_id` (`medrep_id`),
  KEY `usr_id` (`usr_id`)
) ENGINE=MyISAM AUTO_INCREMENT=1024 DEFAULT CHARSET=latin1;

-- Dumping data for table db_sungem.tbl_client: 22 rows
/*!40000 ALTER TABLE `tbl_client` DISABLE KEYS */;
INSERT INTO `tbl_client` (`client_id`, `client_name`, `usr_username`, `usr_password`, `usr_firstname`, `usr_lastname`, `lto_no`, `area_id`, `address`, `contact_no`, `email`, `web_status`, `medrep_id`, `date_added`, `time_added`, `date_modified`, `time_modified`, `status`, `usr_id`) VALUES
	(1001, 'Corazon Locsin Montelibano Memorial Regional Hospital', 'corazon', '5f4dcc3b5aa765d61d8327deb882cf99', 'Corazon', 'Locsin', '123', 10, 'Lacson St, Bacolod, 6100 Negros Occidental', '09173018118', 'clmontelibano@yahoo.com', 0, 1001, '0000-00-00', '00:00:00', '2017-07-12', '01:55:21', 1, 0),
	(1002, 'San Carlos Doctor\'s Hospital', '', '', '', '', '213', 15, 'C L Ledesma Ave, San Carlos City, 6127 Negros Occidental', '312-5675', 'scdhospital@yahoo.com', 0, 1002, '0000-00-00', '00:00:00', '0000-00-00', '00:00:00', 1, 0),
	(1003, 'Province of Capiz', '', '', '', '', '414', 12, 'Roxas City', '(036)621-0042', 'capizprovince@yahoo.com', 0, 1004, '0000-00-00', '00:00:00', '0000-00-00', '00:00:00', 1, 0),
	(1004, 'Province of Negros Occidental', 'occidental', '5f4dcc3b5aa765d61d8327deb882cf99', 'Province', 'Negros', '315', 10, 'Bacolod City', '(034)431-1667', 'negocc@yahoo.com', 0, 1001, '0000-00-00', '00:00:00', '0000-00-00', '00:00:00', 1, 0),
	(1005, 'City Government of Cadiz', 'cadiz', '5f4dcc3b5aa765d61d8327deb882cf99', 'George', 'Wawa', '1111', 11, 'Plaza Mart Bacolod City', '09584578546', 'mano@gmail.com', 1, 1003, '0000-00-00', '00:00:00', '2017-09-08', '00:52:55', 1, 0),
	(1007, 'Province of Iloilo', '', '', '', '', '888', 13, 'Iloilo City', '(033)337-7731', 'iloiloprov@yahoo.com', 0, 1005, '0000-00-00', '00:00:00', '0000-00-00', '00:00:00', 1, 0),
	(1006, 'Province of Negros Oriental', 'oriental', '5f4dcc3b5aa765d61d8327deb882cf99', 'Province', 'Oriental', '764', 15, 'Dumaguete City', '(035)226-3804', 'negoriental@yahoo.com', 0, 1002, '0000-00-00', '00:00:00', '0000-00-00', '00:00:00', 1, 0),
	(1008, 'Adventist Medical Center Bacolod', 'adventist', '5f4dcc3b5aa765d61d8327deb882cf99', 'Adventist', 'Medical', '222', 10, 'C.V. Ramos St, Barangay Taculing, Bacolod, 6100 Negros Occidental', '(034)435-2395', 'adventistmed@ahoo.com', 0, 1001, '0000-00-00', '00:00:00', '2017-10-07', '03:11:17', 1, 0),
	(1009, 'San Carlos City Hospital (SAC)', '', '', '', '', '444', 15, 'Ylagan Street, San Carlos City, 6127 Negros Occidental', '(034)312-5937', 'sac@yahoo.com', 0, 1002, '0000-00-00', '00:00:00', '0000-00-00', '00:00:00', 1, 0),
	(1010, 'Aklan Baptist Hospital Pharmacy', '', '', '', '', '887', 11, 'Caticlan, Malay, Aklan', '09194518575', 'abhp@yahoo.com', 0, 1008, '0000-00-00', '00:00:00', '0000-00-00', '00:00:00', 1, 0),
	(1011, 'West Visayas State University ', '', '', '', '', '764', 13, 'E. Lopez., St., Jaro, Iloilo City', '320-2431', 'wvsumedcenter@yahoo.com', 0, 1005, '0000-00-00', '00:00:00', '0000-00-00', '00:00:00', 1, 0),
	(1012, 'Western Visayas Medical Center', '', '', '', '', '354', 13, 'Mandurriao, Iloilo City, Iloilo', '321-2841', 'westvmedic@yahoo.com', 0, 1005, '0000-00-00', '00:00:00', '0000-00-00', '00:00:00', 1, 0),
	(1013, 'Shanel Marketing', '', '', '', '', '811', 11, 'Kalibo, Aklan', '09084730029', 'shanel_market@yahoo.com', 0, 1008, '0000-00-00', '00:00:00', '0000-00-00', '00:00:00', 1, 0),
	(1014, 'St. Veronica Drugstore', '', '', '', '', '555', 14, 'Magsaysay St, Cadiz City, Negros Occidental', '493-0991', 'stveronicadrugs@yahoo.com', 0, 0, '0000-00-00', '00:00:00', '0000-00-00', '00:00:00', 1, 0),
	(1015, 'Mr. Rommel Vicete', '', '', '', '', '777', 14, 'Mina, Sipalay, Negros Occidental', '09399064124', 'rommel_v@yahoo.com', 0, 1003, '0000-00-00', '00:00:00', '0000-00-00', '00:00:00', 1, 0),
	(1016, 'Botica Sto. Nino', 'botica', '5f4dcc3b5aa765d61d8327deb882cf99', 'Botica', 'Sto Nino', '646', 15, 'V. Gustilo St, San Carlos City, Negros Occidental', '312-5452', 'boticastonino@yahoo.com', 0, 1002, '0000-00-00', '00:00:00', '0000-00-00', '00:00:00', 1, 0),
	(1017, 'Elvic Pharmacy', '', '', '', '', '333', 13, 'Barotac Viejo, Iloilo', '855-0152', 'elvicpharma@yahoo.com', 0, 1005, '0000-00-00', '00:00:00', '2017-07-12', '01:59:14', 1, 0),
	(1018, 'Cabatbat Pharmacy', '', '', '', '', '543', 13, 'Alimodian, Iloilo', '09108576097', 'cabatbatpharma@yahoo.com', 0, 1005, '0000-00-00', '00:00:00', '0000-00-00', '00:00:00', 1, 0),
	(1019, 'Leannes Pharmacy', 'leannes', '5f4dcc3b5aa765d61d8327deb882cf99', 'Leannes', 'Pharmacy', '024', 14, 'Rizal St, Murcia, Negros Occidental', '09303219133', 'leannepharma@yahoo.com', 0, 1003, '0000-00-00', '00:00:00', '0000-00-00', '00:00:00', 1, 0),
	(1020, 'LBJ Drugstore', 'lbj', '5f4dcc3b5aa765d61d8327deb882cf99', 'LBJ', 'Drugstore', '085', 14, 'Cordova St., Kabankalan, Negros Occidental', '471-2571', 'lbjdrugs@yahoo.com', 0, 1003, '0000-00-00', '00:00:00', '2017-07-12', '01:44:50', 1, 0),
	(1021, 'Yaya', '', '', '', '', '1', 10, 'yaya', '1', '1', 0, 0, '2017-07-29', '01:31:54', '0000-00-00', '00:00:00', 1, 0),
	(1022, 'Serjohn Pharmacy', 'serjohn', '5f4dcc3b5aa765d61d8327deb882cf99', 'Serjohn', 'Pharmacy', '4444', 11, 'Bago City', '09857545854', 'serjohn@gmail.com', 1, 0, '2017-08-03', '03:10:38', '0000-00-00', '00:00:00', 1, 0);
/*!40000 ALTER TABLE `tbl_client` ENABLE KEYS */;

-- Dumping structure for table db_sungem.tbl_delivery
CREATE TABLE IF NOT EXISTS `tbl_delivery` (
  `delivery_id` int(10) unsigned NOT NULL AUTO_INCREMENT,
  `order_id` int(10) NOT NULL DEFAULT '0',
  `date_added` date NOT NULL DEFAULT '0000-00-00',
  `time_added` time NOT NULL DEFAULT '00:00:00',
  `date_delivered` date NOT NULL DEFAULT '0000-00-00',
  `time_delivered` time NOT NULL DEFAULT '00:00:00',
  `delivery_status` int(2) NOT NULL DEFAULT '0',
  `or_number` varchar(180) NOT NULL DEFAULT '',
  `medrep_id` int(4) NOT NULL DEFAULT '0',
  `usr_id` int(4) NOT NULL DEFAULT '0',
  PRIMARY KEY (`delivery_id`),
  KEY `order_id` (`order_id`),
  KEY `medrep_id` (`medrep_id`),
  KEY `usr_id` (`usr_id`)
) ENGINE=MyISAM AUTO_INCREMENT=1000000101 DEFAULT CHARSET=latin1;

-- Dumping data for table db_sungem.tbl_delivery: 98 rows
/*!40000 ALTER TABLE `tbl_delivery` DISABLE KEYS */;
INSERT INTO `tbl_delivery` (`delivery_id`, `order_id`, `date_added`, `time_added`, `date_delivered`, `time_delivered`, `delivery_status`, `or_number`, `medrep_id`, `usr_id`) VALUES
	(1000000001, 1000000014, '2017-06-29', '02:10:43', '2017-08-02', '07:03:17', 1, '4545455', 1001, 1002),
	(1000000004, 1000000016, '2017-07-09', '18:01:10', '2017-07-13', '03:00:26', 1, '3333', 1003, 1002),
	(1000000005, 1000000028, '2017-07-10', '13:27:54', '2017-07-13', '03:01:11', 1, '7878', 1002, 1002),
	(1000000006, 1000000029, '2017-07-10', '13:31:17', '2017-08-02', '07:05:32', 1, '125458', 0, 1002),
	(1000000007, 1000000030, '2017-07-10', '13:34:22', '2017-07-14', '15:35:24', 1, '185645', 1002, 1002),
	(1000000008, 1000000026, '2017-07-11', '11:46:43', '2017-08-29', '07:58:03', 1, '1234', 1002, 1002),
	(1000000009, 1000000032, '2017-07-12', '23:19:27', '2017-09-24', '21:25:05', 1, '8756asd', 1008, 1002),
	(1000000010, 1000000031, '2017-07-12', '23:19:50', '2017-08-29', '08:12:09', 1, 'ABCDE', 1002, 1002),
	(1000000014, 1000000025, '2017-07-27', '17:53:35', '2017-07-27', '17:54:42', 1, '4896585', 1001, 1002),
	(1000000013, 1000000035, '2017-07-27', '17:48:08', '2017-08-02', '03:35:46', 1, '16565', 1001, 1002),
	(1000000012, 1000000033, '2017-07-17', '00:04:06', '2017-09-30', '14:30:39', 1, '1', 1005, 1002),
	(1000000011, 1000000021, '2017-07-13', '03:03:35', '2017-08-02', '03:40:26', 1, '21458', 1003, 1002),
	(1000000015, 1000000036, '2017-07-27', '19:02:36', '2017-07-27', '19:03:15', 1, '7894', 1002, 1002),
	(1000000016, 1000000039, '2017-07-27', '19:03:00', '2017-07-27', '19:03:30', 1, '4987', 1002, 1002),
	(1000000017, 1000000040, '2017-07-31', '10:31:51', '2017-08-29', '10:05:50', 1, '5896', 1002, 1002),
	(1000000018, 1000000024, '2017-08-02', '03:41:14', '2017-09-30', '14:30:44', 1, 'f', 1003, 1002),
	(1000000019, 1000000043, '2017-08-02', '04:07:41', '2017-09-30', '14:30:50', 1, 'gh', 1005, 1002),
	(1000000020, 1000000044, '2017-08-02', '04:15:03', '2017-09-28', '11:15:59', 1, 'gifj', 1001, 1002),
	(1000000021, 1000000045, '2017-08-02', '04:17:28', '2017-08-02', '04:23:29', 1, '7845', 1005, 1002),
	(1000000022, 1000000046, '2017-08-02', '04:22:06', '2017-08-02', '04:23:43', 1, '5885', 1001, 1002),
	(1000000023, 1000000038, '2017-08-03', '03:30:46', '2017-08-02', '04:23:43', 1, '879561AS', 1001, 1002),
	(1000000024, 1000000047, '2017-08-04', '03:12:02', '2017-08-04', '03:12:28', 1, '150', 1001, 1002),
	(1000000025, 1000000048, '2017-08-04', '03:13:03', '2017-09-24', '22:32:07', 1, '7777777', 1001, 1002),
	(1000000026, 1000000020, '2017-08-04', '19:16:28', '2017-09-30', '14:30:54', 1, 'sdf', 1003, 1002),
	(1000000027, 1000000049, '2017-08-06', '19:08:54', '2017-09-02', '14:07:54', 1, '18787878', 1002, 1002),
	(1000000028, 1000000050, '2017-08-06', '19:09:56', '2017-08-06', '19:12:04', 1, '5458', 1001, 1002),
	(1000000029, 1000000051, '2017-08-15', '20:18:07', '2017-09-02', '16:22:02', 1, '5888', 1002, 1002),
	(1000000030, 1000000053, '2017-08-24', '22:12:03', '2017-09-30', '14:31:01', 1, 'dsf324', 1003, 1002),
	(1000000031, 1000000054, '2017-08-24', '22:21:10', '2017-09-30', '14:31:06', 1, '234ewsrs', 1003, 1002),
	(1000000032, 1000000055, '2017-08-24', '22:22:17', '2017-10-04', '22:08:17', 1, '78787', 1003, 1002),
	(1000000033, 1000000056, '2017-08-24', '22:25:43', '2017-10-06', '04:32:03', 1, 'sdf', 1003, 1002),
	(1000000034, 1000000057, '2017-09-02', '13:54:27', '2017-09-28', '11:16:20', 1, 'fjt7', 1001, 1002),
	(1000000035, 1000000041, '2017-09-02', '14:02:32', '2017-10-06', '04:32:09', 1, 'sewr', 1001, 1002),
	(1000000036, 1000000058, '2017-09-02', '15:19:17', '2017-09-03', '12:46:14', 1, '525', 1002, 1002),
	(1000000037, 1000000059, '2017-09-02', '15:20:41', '2017-09-02', '16:30:15', 1, '712541', 1002, 1002),
	(1000000038, 1000000060, '2017-09-02', '15:22:09', '2017-09-02', '16:58:17', 1, '72569', 1002, 1002),
	(1000000039, 1000000061, '2017-09-02', '15:32:31', '2017-09-02', '16:57:18', 1, '121123', 1002, 1002),
	(1000000040, 1000000062, '2017-09-02', '15:33:17', '2017-09-03', '05:51:56', 1, 'edbert', 1002, 1002),
	(1000000041, 1000000063, '2017-09-03', '10:18:58', '2017-09-03', '05:54:48', 1, 're2123', 1002, 1002),
	(1000000042, 1000000064, '2017-09-03', '10:20:58', '2017-09-03', '06:03:17', 1, 'eeeee', 1002, 1002),
	(1000000043, 1000000065, '2017-09-03', '10:23:40', '2017-09-12', '11:58:14', 1, '88985', 1002, 1002),
	(1000000044, 1000000066, '2017-09-03', '10:32:05', '2017-09-15', '02:28:17', 1, 'gjf65', 1002, 1002),
	(1000000045, 1000000067, '2017-09-03', '10:33:49', '2017-09-13', '02:45:35', 1, 'edb23', 1002, 1002),
	(1000000046, 1000000068, '2017-09-03', '10:38:08', '2017-09-09', '02:27:52', 1, '1232131241', 1002, 1002),
	(1000000047, 1000000070, '2017-09-03', '10:39:30', '2017-09-13', '02:57:57', 1, 'edifj37382', 1002, 1002),
	(1000000048, 1000000071, '2017-09-03', '10:53:49', '2017-09-09', '00:37:40', 1, '8985', 1002, 1002),
	(1000000049, 1000000072, '2017-09-03', '10:56:37', '2017-09-15', '02:51:13', 1, 'buh56', 1002, 1002),
	(1000000050, 1000000073, '2017-09-03', '11:04:48', '2017-09-28', '10:35:41', 1, 'dhdi38', 1002, 1002),
	(1000000051, 1000000074, '2017-09-03', '11:08:52', '2017-09-28', '12:38:54', 1, 'fdsew', 1002, 1002),
	(1000000052, 1000000075, '2017-09-03', '11:16:43', '2017-09-28', '10:40:32', 1, 'hhif', 1002, 1002),
	(1000000053, 1000000076, '2017-09-03', '11:19:06', '2017-09-28', '10:51:18', 1, 'yudj3', 1002, 1002),
	(1000000054, 1000000077, '2017-09-03', '11:20:35', '2017-09-28', '10:54:22', 1, 'edb2', 1002, 1002),
	(1000000055, 1000000078, '2017-09-03', '11:21:59', '2017-09-13', '01:12:00', 1, 'efx234', 1002, 1002),
	(1000000056, 1000000079, '2017-09-03', '11:24:55', '2017-09-29', '02:59:25', 1, '73urhf', 1002, 1002),
	(1000000057, 1000000080, '2017-09-03', '11:27:04', '2017-10-02', '12:28:09', 1, 'hdhdi', 1002, 1002),
	(1000000058, 1000000081, '2017-09-03', '11:28:08', '2017-09-29', '09:47:33', 1, 'das', 1002, 1002),
	(1000000059, 1000000082, '2017-09-03', '11:31:06', '2017-09-08', '23:21:06', 1, '789585', 1002, 1002),
	(1000000060, 1000000083, '2017-09-03', '11:40:49', '2017-09-09', '02:59:32', 1, '78598', 1002, 1002),
	(1000000061, 1000000084, '2017-09-03', '11:42:07', '2017-09-29', '08:06:17', 1, 'sdfs23', 1002, 1002),
	(1000000062, 1000000085, '2017-09-03', '11:46:45', '2017-09-29', '08:07:17', 1, '213', 1002, 1002),
	(1000000063, 1000000087, '2017-09-03', '11:48:06', '2017-09-29', '10:23:17', 1, 'das', 1002, 1002),
	(1000000064, 1000000088, '2017-09-03', '11:58:00', '2017-09-30', '14:31:12', 1, 'ewr', 1002, 1002),
	(1000000065, 1000000089, '2017-09-03', '12:00:19', '2017-09-30', '14:31:23', 1, 'hgf3', 1002, 1002),
	(1000000066, 1000000090, '2017-09-03', '12:02:22', '2017-09-30', '14:31:17', 1, 'wer213', 1002, 1002),
	(1000000067, 1000000091, '2017-09-03', '12:06:03', '2017-09-30', '14:31:34', 1, 'sss', 1002, 1002),
	(1000000068, 1000000092, '2017-09-03', '12:07:41', '2017-09-30', '14:31:29', 1, 'aaa', 1002, 1002),
	(1000000069, 1000000096, '2017-09-03', '12:09:44', '2017-09-30', '14:31:39', 1, 'ddd', 1002, 1002),
	(1000000070, 1000000097, '2017-09-03', '12:19:07', '2017-09-30', '14:31:43', 1, 'zzz', 1002, 1002),
	(1000000071, 1000000098, '2017-09-03', '12:21:36', '2017-09-30', '14:31:47', 1, 'mmm', 1002, 1002),
	(1000000072, 1000000099, '2017-09-03', '12:32:39', '2017-09-29', '12:12:42', 1, 'ads', 1002, 1002),
	(1000000073, 1000000100, '2017-09-09', '00:47:46', '2017-09-09', '00:50:41', 1, '895956', 1008, 1002),
	(1000000074, 1000000101, '2017-09-11', '15:07:03', '2017-10-06', '04:32:19', 1, '34', 1001, 1002),
	(1000000075, 1000000102, '2017-09-11', '15:08:19', '2017-09-30', '14:31:52', 1, 'lll', 1002, 1002),
	(1000000076, 1000000103, '2017-09-13', '05:43:31', '2017-09-13', '05:45:43', 1, 'AB123CDE', 1002, 1002),
	(1000000077, 1000000106, '2017-09-13', '05:48:19', '2017-10-04', '00:55:39', 1, '8585858', 1002, 1002),
	(1000000078, 1000000105, '2017-09-13', '05:50:01', '2017-09-30', '14:32:04', 1, 'jgf', 1002, 1002),
	(1000000079, 1000000107, '2017-09-13', '13:13:45', '2017-10-04', '20:49:28', 1, 'dsfds', 1002, 1002),
	(1000000080, 1000000108, '2017-09-13', '13:15:13', '2017-09-30', '14:32:13', 1, 'sad23123', 1002, 1002),
	(1000000081, 1000000109, '2017-09-13', '14:19:30', '2017-10-06', '04:32:14', 1, '345', 1005, 1002),
	(1000000082, 1000000112, '2017-09-15', '13:56:33', '2017-10-06', '04:32:28', 1, 'ghj6567', 1001, 1002),
	(1000000083, 1000000114, '2017-09-30', '16:28:45', '2017-09-30', '16:28:57', 1, 'dsffsd', 1002, 1002),
	(1000000084, 1000000116, '2017-10-01', '19:09:07', '2017-10-01', '19:09:20', 1, 'fh7586', 1002, 1002),
	(1000000085, 1000000117, '2017-10-02', '02:02:21', '2017-10-02', '02:02:33', 1, '548631', 1008, 1002),
	(1000000086, 1000000118, '2017-10-04', '01:04:04', '2017-10-04', '01:05:10', 1, 'jugikhklk', 1002, 1002),
	(1000000087, 1000000119, '2017-10-04', '14:08:27', '2017-10-04', '14:10:06', 1, 'asdsada22', 1002, 1002),
	(1000000088, 1000000120, '2017-10-04', '20:25:36', '2017-10-04', '20:25:54', 1, '562530', 1002, 1002),
	(1000000089, 1000000121, '2017-10-04', '20:47:53', '2017-10-03', '05:45:32', 1, '234243', 1002, 1002),
	(1000000090, 1000000122, '2017-10-04', '20:54:16', '2017-10-06', '04:32:35', 1, 'xc vb', 1002, 1002),
	(1000000091, 1000000123, '2017-10-05', '02:47:56', '2017-10-06', '04:32:40', 1, 'dhet', 1005, 1002),
	(1000000092, 1000000124, '2017-10-05', '05:24:35', '2017-10-05', '15:54:44', 1, 'fytretyuiu', 1002, 1002),
	(1000000093, 1000000013, '2017-10-06', '03:56:45', '2017-10-06', '04:32:45', 1, '234', 1005, 1002),
	(1000000094, 1000000012, '2017-10-06', '04:11:46', '2017-10-06', '04:32:51', 1, 'fghrty', 1001, 1002),
	(1000000095, 1000000015, '2017-10-06', '04:25:22', '2017-10-06', '04:32:57', 1, '567rfygjh', 1002, 1002),
	(1000000096, 1000000110, '2017-10-07', '00:48:24', '0000-00-00', '00:00:00', 0, '', 1001, 1002),
	(1000000097, 1000000027, '2017-10-07', '00:49:40', '2017-10-07', '01:07:37', 1, 'sadas123', 1003, 1002),
	(1000000098, 1000000125, '2017-10-07', '01:02:29', '2017-10-07', '01:03:40', 1, 'erk2131223', 1004, 1002),
	(1000000099, 1000000023, '2017-10-07', '01:09:00', '2017-10-07', '01:09:21', 1, 'dfgdf23', 1003, 1002),
	(1000000100, 1000000127, '2017-10-07', '02:43:46', '2017-10-07', '02:45:12', 1, 'asd12312', 1005, 1002);
/*!40000 ALTER TABLE `tbl_delivery` ENABLE KEYS */;

-- Dumping structure for table db_sungem.tbl_delivery_items
CREATE TABLE IF NOT EXISTS `tbl_delivery_items` (
  `d_items_id` int(10) NOT NULL AUTO_INCREMENT,
  `delivery_id` int(10) NOT NULL,
  `pro_id` int(5) NOT NULL,
  `lot_id` int(10) NOT NULL,
  `unit_price` double(10,2) NOT NULL,
  `quantity` int(10) NOT NULL,
  `subtotal` double(10,2) NOT NULL,
  `discount` double(10,2) NOT NULL,
  `total` double(10,2) NOT NULL,
  `date_added` date NOT NULL DEFAULT '0000-00-00',
  `time_added` time NOT NULL DEFAULT '00:00:00',
  PRIMARY KEY (`d_items_id`),
  KEY `delivery_id` (`delivery_id`),
  KEY `pro_id` (`pro_id`),
  KEY `lot_id` (`lot_id`)
) ENGINE=MyISAM AUTO_INCREMENT=124 DEFAULT CHARSET=latin1;

-- Dumping data for table db_sungem.tbl_delivery_items: 123 rows
/*!40000 ALTER TABLE `tbl_delivery_items` DISABLE KEYS */;
INSERT INTO `tbl_delivery_items` (`d_items_id`, `delivery_id`, `pro_id`, `lot_id`, `unit_price`, `quantity`, `subtotal`, `discount`, `total`, `date_added`, `time_added`) VALUES
	(1, 1000000001, 10039, 1000000001, 398.00, 20, 0.00, 0.00, 7960.00, '2017-06-29', '00:20:17'),
	(2, 1000000004, 10039, 1000000005, 398.00, 17, 0.00, 0.00, 0.00, '2017-07-09', '00:20:17'),
	(3, 1000000004, 10039, 1000000001, 398.00, 3, 398.00, 40.00, 358.00, '2017-07-09', '00:20:17'),
	(4, 1000000005, 10039, 1000000001, 398.00, 1, 398.00, 0.00, 398.00, '2017-07-10', '00:20:17'),
	(5, 1000000005, 10039, 1000000005, 398.00, 1, 398.00, 0.00, 398.00, '2017-07-10', '00:20:17'),
	(6, 1000000006, 10039, 1000000001, 398.00, 1, 398.00, 40.00, 358.00, '2017-07-10', '00:20:17'),
	(7, 1000000006, 10039, 1000000005, 398.00, 1, 398.00, 40.00, 358.00, '2017-07-10', '00:20:17'),
	(8, 1000000007, 10039, 1000000005, 398.00, 1, 398.00, 0.00, 398.00, '2017-07-10', '00:20:17'),
	(9, 1000000008, 10101, 1000000004, 11.00, 10, 110.00, 11.00, 99.00, '2017-07-11', '00:20:17'),
	(10, 1000000008, 10101, 1000000006, 11.00, 15, 165.00, 17.00, 149.00, '2017-07-11', '00:20:17'),
	(11, 1000000009, 10039, 1000000001, 398.00, 12, 4776.00, 0.00, 4776.00, '2017-07-12', '00:20:17'),
	(12, 1000000010, 10039, 1000000001, 398.00, 10, 3980.00, 0.00, 3980.00, '2017-07-12', '00:20:17'),
	(13, 1000000014, 10100, 1000000008, 100.00, 20, 1700.00, 0.00, 1700.00, '2017-07-27', '00:20:17'),
	(14, 1000000013, 10039, 1000000007, 398.00, 2, 796.00, 0.00, 796.00, '2017-07-27', '00:20:17'),
	(15, 1000000013, 10039, 1000000001, 398.00, 3, 1194.00, 0.00, 1194.00, '2017-07-27', '00:20:17'),
	(16, 1000000012, 10039, 1000000001, 398.00, 20, 7960.00, 398.00, 7562.00, '2017-07-17', '00:20:17'),
	(17, 1000000012, 10058, 1000000003, 165.00, 20, 3300.00, 165.00, 3135.00, '2017-07-17', '00:20:17'),
	(18, 1000000011, 10039, 1000000001, 398.00, 15, 5970.00, 0.00, 5970.00, '2017-07-13', '00:20:17'),
	(19, 1000000015, 10039, 1000000007, 398.00, 10, 3980.00, 0.00, 3980.00, '2017-07-27', '00:20:17'),
	(20, 1000000016, 10039, 1000000007, 398.00, 15, 5970.00, 0.00, 5970.00, '2017-07-27', '00:20:17'),
	(21, 1000000017, 10039, 1000000001, 398.00, 8, 3184.00, 159.00, 3025.00, '2017-07-31', '00:20:17'),
	(22, 1000000018, 10039, 1000000009, 398.00, 8, 3184.00, 0.00, 3184.00, '2017-08-02', '00:20:17'),
	(23, 1000000019, 10039, 1000000009, 398.00, 20, 7960.00, 0.00, 7960.00, '2017-08-02', '00:20:17'),
	(24, 1000000020, 10101, 1000000004, 11.00, 30, 330.00, 0.00, 330.00, '2017-08-02', '00:20:17'),
	(25, 1000000021, 10076, 1000000002, 720.00, 12, 8640.00, 0.00, 8640.00, '2017-08-02', '00:20:17'),
	(26, 1000000021, 10076, 1000000010, 720.00, 3, 2160.00, 0.00, 2160.00, '2017-08-02', '00:20:17'),
	(27, 1000000022, 10085, 1000000012, 50.00, 20, 1000.00, 0.00, 1000.00, '2017-08-02', '00:20:17'),
	(28, 1000000023, 10039, 1000000005, 398.00, 8, 3184.00, 0.00, 3184.00, '2017-08-03', '00:20:17'),
	(29, 1000000024, 10039, 1000000001, 398.00, 2, 796.00, 0.00, 796.00, '2017-08-04', '00:20:17'),
	(30, 1000000025, 10039, 1000000009, 398.00, 2, 796.00, 0.00, 796.00, '2017-08-04', '00:20:17'),
	(31, 1000000026, 10039, 1000000005, 398.00, 2, 796.00, 0.00, 796.00, '2017-08-04', '00:20:17'),
	(32, 1000000027, 10039, 1000000007, 398.00, 10, 3980.00, 0.00, 3980.00, '2017-08-06', '00:20:17'),
	(33, 1000000027, 10039, 1000000011, 398.00, 5, 1990.00, 0.00, 1990.00, '2017-08-06', '00:20:17'),
	(34, 1000000028, 10039, 1000000001, 398.00, 5, 1990.00, 100.00, 1891.00, '2017-08-06', '00:20:17'),
	(35, 1000000029, 10076, 1000000010, 720.00, 15, 10800.00, 0.00, 10800.00, '2017-08-15', '00:20:17'),
	(36, 1000000030, 10058, 1000000003, 165.00, 5, 825.00, 0.00, 825.00, '2017-08-24', '00:20:17'),
	(37, 1000000030, 10039, 1000000009, 398.00, 10, 3980.00, 0.00, 3980.00, '2017-08-24', '00:20:17'),
	(38, 1000000031, 10039, 1000000011, 398.00, 5, 1990.00, 0.00, 1990.00, '2017-08-24', '00:20:17'),
	(39, 1000000031, 10102, 1000000015, 11.00, 8, 88.00, 0.00, 88.00, '2017-08-24', '00:20:17'),
	(40, 1000000032, 10102, 1000000015, 11.00, 5, 55.00, 0.00, 55.00, '2017-08-24', '00:20:17'),
	(41, 1000000033, 10102, 1000000015, 11.00, 20, 220.00, 0.00, 220.00, '2017-08-24', '00:20:17'),
	(42, 1000000034, 10039, 1000000001, 398.00, 5, 1990.00, 100.00, 1891.00, '2017-09-02', '00:20:17'),
	(43, 1000000035, 10039, 1000000001, 398.00, 1, 398.00, 0.00, 398.00, '2017-09-02', '00:20:17'),
	(44, 1000000035, 10102, 1000000015, 11.00, 20, 220.00, 0.00, 220.00, '2017-09-02', '00:20:17'),
	(45, 1000000035, 10039, 1000000011, 398.00, 2, 796.00, 0.00, 796.00, '2017-09-02', '00:20:17'),
	(46, 1000000035, 10039, 1000000009, 398.00, 7, 2786.00, 0.00, 2786.00, '2017-09-02', '00:20:17'),
	(47, 1000000036, 10039, 1000000007, 398.00, 5, 1990.00, 0.00, 1990.00, '2017-09-02', '00:20:17'),
	(48, 1000000037, 10039, 1000000001, 398.00, 4, 1592.00, 0.00, 1592.00, '2017-09-02', '00:20:17'),
	(49, 1000000038, 10039, 1000000005, 398.00, 2, 796.00, 0.00, 796.00, '2017-09-02', '00:20:17'),
	(50, 1000000039, 10039, 1000000005, 398.00, 2, 796.00, 0.00, 796.00, '2017-09-02', '00:20:17'),
	(51, 1000000040, 10039, 1000000007, 398.00, 2, 796.00, 0.00, 796.00, '2017-09-02', '00:20:17'),
	(52, 1000000041, 10039, 1000000001, 398.00, 2, 796.00, 0.00, 796.00, '2017-09-03', '00:20:17'),
	(53, 1000000042, 10039, 1000000011, 398.00, 2, 796.00, 0.00, 796.00, '2017-09-03', '00:20:17'),
	(54, 1000000043, 10039, 1000000011, 398.00, 2, 796.00, 0.00, 796.00, '2017-09-03', '00:20:17'),
	(55, 1000000044, 10039, 1000000007, 398.00, 2, 796.00, 0.00, 796.00, '2017-09-03', '00:20:17'),
	(56, 1000000045, 10039, 1000000007, 398.00, 1, 398.00, 0.00, 398.00, '2017-09-03', '00:20:17'),
	(57, 1000000046, 10039, 1000000011, 398.00, 1, 398.00, 0.00, 398.00, '2017-09-03', '00:20:17'),
	(58, 1000000047, 10039, 1000000001, 398.00, 1, 398.00, 0.00, 398.00, '2017-09-03', '00:20:17'),
	(59, 1000000048, 10039, 1000000005, 398.00, 1, 398.00, 0.00, 398.00, '2017-09-03', '00:20:17'),
	(60, 1000000049, 10039, 1000000005, 398.00, 1, 398.00, 0.00, 398.00, '2017-09-03', '00:20:17'),
	(61, 1000000050, 10039, 1000000007, 398.00, 1, 398.00, 4.00, 394.00, '2017-09-03', '00:20:17'),
	(62, 1000000051, 10039, 1000000011, 398.00, 1, 398.00, 0.00, 398.00, '2017-09-03', '00:20:17'),
	(63, 1000000052, 10039, 1000000007, 398.00, 1, 398.00, 0.00, 398.00, '2017-09-03', '00:20:17'),
	(64, 1000000053, 10039, 1000000007, 398.00, 1, 398.00, 0.00, 398.00, '2017-09-03', '00:20:17'),
	(65, 1000000054, 10039, 1000000009, 398.00, 1, 398.00, 0.00, 398.00, '2017-09-03', '00:20:17'),
	(66, 1000000055, 10039, 1000000009, 398.00, 1, 398.00, 0.00, 398.00, '2017-09-03', '00:20:17'),
	(67, 1000000056, 10039, 1000000009, 398.00, 1, 398.00, 0.00, 398.00, '2017-09-03', '00:20:17'),
	(68, 1000000057, 10039, 1000000011, 398.00, 1, 398.00, 0.00, 398.00, '2017-09-03', '00:20:17'),
	(69, 1000000058, 10039, 1000000011, 398.00, 1, 398.00, 0.00, 398.00, '2017-09-03', '00:20:17'),
	(70, 1000000059, 10039, 1000000001, 398.00, 1, 398.00, 0.00, 398.00, '2017-09-03', '00:20:17'),
	(71, 1000000060, 10039, 1000000001, 398.00, 1, 398.00, 0.00, 398.00, '2017-09-03', '00:20:17'),
	(72, 1000000061, 10039, 1000000001, 398.00, 1, 398.00, 0.00, 398.00, '2017-09-03', '00:20:17'),
	(73, 1000000062, 10039, 1000000001, 398.00, 1, 398.00, 0.00, 398.00, '2017-09-03', '00:20:17'),
	(74, 1000000063, 10039, 1000000001, 398.00, 1, 398.00, 0.00, 398.00, '2017-09-03', '00:20:17'),
	(75, 1000000064, 10039, 1000000001, 398.00, 1, 398.00, 0.00, 398.00, '2017-09-03', '00:20:17'),
	(76, 1000000065, 10039, 1000000001, 398.00, 1, 398.00, 0.00, 398.00, '2017-09-03', '00:20:17'),
	(77, 1000000066, 10039, 1000000001, 398.00, 1, 398.00, 0.00, 398.00, '2017-09-03', '00:20:17'),
	(78, 1000000067, 10039, 1000000001, 398.00, 1, 398.00, 0.00, 398.00, '2017-09-03', '00:20:17'),
	(79, 1000000068, 10039, 1000000001, 398.00, 1, 398.00, 0.00, 398.00, '2017-09-03', '00:20:17'),
	(80, 1000000069, 10039, 1000000001, 398.00, 1, 398.00, 0.00, 398.00, '2017-09-03', '00:20:17'),
	(81, 1000000070, 10039, 1000000001, 398.00, 1, 398.00, 0.00, 398.00, '2017-09-03', '00:20:17'),
	(82, 1000000071, 10039, 1000000001, 398.00, 1, 398.00, 0.00, 398.00, '2017-09-03', '00:20:17'),
	(83, 1000000072, 10039, 1000000001, 398.00, 1, 398.00, 0.00, 398.00, '2017-09-03', '00:20:17'),
	(84, 1000000073, 10039, 1000000001, 398.00, 20, 7960.00, 0.00, 7960.00, '2017-09-09', '00:20:17'),
	(85, 1000000074, 10039, 1000000001, 398.00, 3, 1194.00, 0.00, 1194.00, '2017-09-11', '00:20:17'),
	(86, 1000000075, 10039, 1000000001, 398.00, 5, 1990.00, 0.00, 1990.00, '2017-09-11', '00:20:17'),
	(87, 1000000076, 10076, 1000000017, 720.00, 15, 10800.00, 0.00, 10800.00, '2017-09-13', '00:20:17'),
	(88, 1000000077, 10076, 1000000017, 720.00, 20, 14400.00, 0.00, 14400.00, '2017-09-13', '00:20:17'),
	(89, 1000000077, 10054, 1000000021, 385.00, 10, 3850.00, 0.00, 3850.00, '2017-09-13', '00:20:17'),
	(90, 1000000078, 10054, 1000000021, 385.00, 20, 7700.00, 0.00, 7700.00, '2017-09-13', '00:20:17'),
	(91, 1000000078, 10102, 1000000015, 11.00, 10, 110.00, 0.00, 110.00, '2017-09-13', '00:20:17'),
	(92, 1000000079, 10076, 1000000017, 720.00, 5, 3600.00, 0.00, 3600.00, '2017-09-13', '00:20:17'),
	(93, 1000000080, 10039, 1000000011, 398.00, 5, 1990.00, 0.00, 1990.00, '2017-09-13', '00:20:17'),
	(94, 1000000081, 10039, 1000000011, 398.00, 2, 796.00, 0.00, 796.00, '2017-09-13', '00:20:17'),
	(95, 1000000081, 10076, 1000000010, 720.00, 2, 1440.00, 0.00, 1440.00, '2017-09-13', '00:20:17'),
	(96, 1000000082, 10039, 1000000011, 398.00, 5, 1990.00, 0.00, 1990.00, '2017-09-15', '00:20:17'),
	(97, 1000000082, 10076, 1000000010, 720.00, 5, 3600.00, 0.00, 3600.00, '2017-09-15', '00:20:17'),
	(98, 1000000083, 10076, 1000000017, 720.00, 20, 14400.00, 0.00, 14400.00, '2017-09-30', '00:20:17'),
	(99, 1000000083, 10039, 1000000048, 398.00, 20, 7960.00, 0.00, 7960.00, '2017-09-30', '00:20:17'),
	(100, 1000000084, 10099, 1000000083, 100.00, 10, 1000.00, 100.00, 900.00, '2017-10-01', '00:20:17'),
	(101, 1000000085, 10096, 1000000032, 158.00, 5, 790.00, 0.00, 790.00, '2017-10-02', '00:20:17'),
	(102, 1000000086, 10106, 1000000128, 22.00, 20, 440.00, 0.00, 440.00, '2017-10-04', '00:20:17'),
	(103, 1000000086, 10079, 1000000137, 160.00, 10, 1600.00, 0.00, 1600.00, '2017-10-04', '00:20:17'),
	(104, 1000000087, 10074, 1000000068, 83.00, 20, 1660.00, 0.00, 1660.00, '2017-10-04', '00:20:17'),
	(105, 1000000088, 10003, 1000000061, 11.00, 5, 55.00, 0.00, 55.00, '2017-10-04', '00:20:17'),
	(106, 1000000089, 10085, 1000000012, 50.00, 10, 500.00, 0.00, 500.00, '2017-10-04', '00:20:17'),
	(107, 1000000090, 10005, 1000000099, 398.00, 5, 1990.00, 0.00, 1990.00, '2017-10-04', '00:20:17'),
	(108, 1000000091, 10029, 1000000064, 55.00, 10, 550.00, 0.00, 550.00, '2017-10-05', '00:20:17'),
	(109, 1000000092, 10069, 1000000111, 179.00, 10, 1790.00, 0.00, 1790.00, '2017-10-05', '00:20:17'),
	(110, 1000000093, 10004, 1000000100, 230.00, 1, 230.00, 0.00, 230.00, '2017-10-06', '00:20:17'),
	(111, 1000000093, 10008, 1000000096, 154.00, 1, 154.00, 0.00, 154.00, '2017-10-06', '00:20:17'),
	(112, 1000000093, 10003, 1000000061, 11.00, 1, 11.00, 0.00, 11.00, '2017-10-06', '00:20:17'),
	(113, 1000000094, 10008, 1000000096, 154.00, 20, 3080.00, 0.00, 3080.00, '2017-10-06', '00:20:17'),
	(114, 1000000094, 10004, 1000000100, 230.00, 20, 3450.00, 0.00, 3450.00, '2017-10-06', '00:20:17'),
	(115, 1000000094, 10003, 1000000061, 11.00, 20, 165.00, 0.00, 165.00, '2017-10-06', '00:20:17'),
	(116, 1000000095, 10101, 1000000006, 11.00, 15, 110.00, 0.00, 110.00, '2017-10-06', '00:20:17'),
	(117, 1000000096, 10039, 1000000011, 398.00, 4, 1592.00, 159.00, 1433.00, '2017-10-07', '00:20:17'),
	(118, 1000000097, 10039, 1000000011, 398.00, 15, 5970.00, 0.00, 5970.00, '2017-10-07', '00:20:17'),
	(119, 1000000097, 10102, 1000000015, 11.00, 15, 165.00, 17.00, 149.00, '2017-10-07', '00:20:17'),
	(120, 1000000098, 10032, 1000000067, 6.00, 8, 48.00, 0.00, 48.00, '2017-10-07', '00:20:17'),
	(121, 1000000098, 10062, 1000000098, 40.00, 8, 320.00, 0.00, 320.00, '2017-10-07', '00:20:17'),
	(122, 1000000099, 10113, 1000000019, 16.00, 2, 32.00, 0.00, 32.00, '2017-10-07', '00:20:17'),
	(123, 1000000100, 10062, 1000000149, 40.00, 20, 800.00, 0.00, 800.00, '2017-10-07', '00:20:17');
/*!40000 ALTER TABLE `tbl_delivery_items` ENABLE KEYS */;

-- Dumping structure for table db_sungem.tbl_disposal
CREATE TABLE IF NOT EXISTS `tbl_disposal` (
  `disposal_id` int(8) NOT NULL AUTO_INCREMENT,
  `pro_id` int(5) NOT NULL DEFAULT '0',
  `lot_id` int(10) NOT NULL DEFAULT '0',
  `quantity` int(5) NOT NULL DEFAULT '0',
  `reason` varchar(150) NOT NULL DEFAULT '',
  `date_disposed` date NOT NULL DEFAULT '0000-00-00',
  `time_disposed` time NOT NULL DEFAULT '00:00:00',
  `usr_id` int(4) NOT NULL DEFAULT '0',
  PRIMARY KEY (`disposal_id`),
  KEY `lot_id` (`lot_id`),
  KEY `pro_id` (`pro_id`)
) ENGINE=MyISAM AUTO_INCREMENT=15 DEFAULT CHARSET=latin1;

-- Dumping data for table db_sungem.tbl_disposal: 14 rows
/*!40000 ALTER TABLE `tbl_disposal` DISABLE KEYS */;
INSERT INTO `tbl_disposal` (`disposal_id`, `pro_id`, `lot_id`, `quantity`, `reason`, `date_disposed`, `time_disposed`, `usr_id`) VALUES
	(1, 10039, 1000000005, 2, 'Damaged', '2017-07-05', '00:10:00', 1002),
	(2, 10101, 1000000004, 5, 'Damaged', '2017-07-15', '00:00:00', 0),
	(3, 10039, 1000000001, 3, 'Expired', '2017-07-19', '21:37:42', 1002),
	(4, 10076, 1000000002, 5, 'Damaged', '2017-07-19', '21:40:20', 1002),
	(5, 10039, 1000000001, 5, 'Expired', '2017-07-19', '21:40:49', 1002),
	(6, 10039, 1000000001, 5, 'Damaged', '2017-07-19', '21:41:18', 1002),
	(7, 10076, 1000000002, 3, 'Damaged', '2017-07-19', '21:42:07', 1002),
	(8, 10039, 1000000001, 8, 'Expired', '2017-07-31', '10:20:46', 1002),
	(9, 10039, 1000000001, 3, 'Damaged', '2017-08-02', '04:25:26', 1002),
	(10, 10039, 1000000005, 1, 'Expired', '2017-08-04', '19:15:47', 1002),
	(11, 10039, 1000000011, 2, 'Expired', '2017-09-13', '05:20:39', 1002),
	(12, 10085, 1000000012, 1, 'Expired', '2017-09-13', '14:12:54', 1002),
	(13, 10058, 1000000003, 13, 'Expired', '2017-09-13', '14:12:54', 1002),
	(14, 10039, 1000000011, 1, 'Expired', '2017-10-07', '01:58:17', 1002);
/*!40000 ALTER TABLE `tbl_disposal` ENABLE KEYS */;

-- Dumping structure for table db_sungem.tbl_invoice
CREATE TABLE IF NOT EXISTS `tbl_invoice` (
  `invoice_id` int(10) unsigned NOT NULL AUTO_INCREMENT,
  `total_amount` double(10,2) NOT NULL DEFAULT '0.00',
  `amount_paid` double(10,2) NOT NULL DEFAULT '0.00',
  `amount_remaining` double(10,2) NOT NULL DEFAULT '0.00',
  `date_due` date NOT NULL DEFAULT '0000-00-00',
  `date_issued` date NOT NULL DEFAULT '0000-00-00',
  `time_issued` time NOT NULL DEFAULT '00:00:00',
  `date_modified` date NOT NULL DEFAULT '0000-00-00',
  `time_modified` time NOT NULL DEFAULT '00:00:00',
  `usr_id` int(4) NOT NULL DEFAULT '0',
  PRIMARY KEY (`invoice_id`),
  KEY `usr_id` (`usr_id`)
) ENGINE=MyISAM AUTO_INCREMENT=2000000104 DEFAULT CHARSET=latin1;

-- Dumping data for table db_sungem.tbl_invoice: 94 rows
/*!40000 ALTER TABLE `tbl_invoice` DISABLE KEYS */;
INSERT INTO `tbl_invoice` (`invoice_id`, `total_amount`, `amount_paid`, `amount_remaining`, `date_due`, `date_issued`, `time_issued`, `date_modified`, `time_modified`, `usr_id`) VALUES
	(2000000006, 7960.00, 0.00, 0.00, '2017-07-15', '2017-07-01', '17:55:35', '0000-00-00', '00:00:00', 1002),
	(2000000015, 1500.00, 1600.00, -100.00, '2017-07-27', '2017-07-27', '17:53:35', '2017-09-21', '20:22:14', 1003),
	(2000000010, 358.20, 358.20, 0.00, '2017-09-07', '2017-07-09', '18:01:10', '2017-09-21', '20:34:31', 1003),
	(2000000011, 796.00, 796.00, 0.00, '2017-09-08', '2017-07-10', '13:27:54', '2017-07-10', '22:03:00', 1002),
	(2000000012, 716.40, 716.40, 0.00, '2017-08-09', '2017-07-10', '13:31:17', '2017-09-21', '20:22:40', 1003),
	(2000000013, 247.50, 247.50, 0.00, '2017-07-11', '2017-07-11', '11:46:43', '2017-09-21', '20:22:28', 1003),
	(2000000014, 5970.00, 5970.00, 0.00, '2017-07-12', '2017-07-13', '03:03:35', '2017-09-21', '20:35:07', 1003),
	(2000000017, 3184.00, 0.00, 3184.00, '2017-08-01', '2017-08-02', '03:41:14', '0000-00-00', '00:00:00', 1002),
	(2000000018, 330.00, 330.00, 0.00, '2017-08-31', '2017-08-02', '04:15:03', '2017-09-21', '20:22:57', 1003),
	(2000000019, 10800.00, 10800.00, 0.00, '2017-09-30', '2017-08-02', '04:17:28', '2017-09-13', '14:24:35', 1002),
	(2000000020, 900.00, 900.00, 0.00, '2017-09-30', '2017-08-02', '04:22:06', '2017-08-02', '04:26:47', 1002),
	(2000000021, 796.00, 0.00, 796.00, '2017-10-02', '2017-08-04', '03:13:03', '0000-00-00', '00:00:00', 1002),
	(2000000022, 796.00, 0.00, 796.00, '2017-08-04', '2017-08-04', '19:16:28', '0000-00-00', '00:00:00', 1002),
	(2000000023, 5970.00, 5970.00, 0.00, '2017-09-05', '2017-08-06', '19:08:55', '2017-09-21', '20:25:15', 1003),
	(2000000024, 1890.50, 650.00, 1240.50, '2017-08-06', '2017-08-06', '19:09:56', '2017-08-23', '18:35:04', 1002),
	(2000000025, 2160.00, 2800.00, -640.00, '2017-09-14', '2017-08-15', '20:18:08', '2017-09-02', '15:17:28', 1002),
	(2000000026, 55.00, 0.00, 55.00, '2017-08-24', '2017-08-24', '22:22:17', '0000-00-00', '00:00:00', 1002),
	(2000000027, 1890.50, 1890.50, 0.00, '2017-09-02', '2017-09-02', '13:54:27', '2017-09-21', '20:23:08', 1003),
	(2000000028, 4200.00, 4200.00, 0.00, '2017-10-02', '2017-09-02', '14:02:33', '2017-09-21', '20:22:49', 1003),
	(2000000029, 1990.00, 1990.00, 0.00, '2017-09-02', '2017-09-02', '15:19:17', '2017-09-21', '20:25:31', 1003),
	(2000000030, 1592.00, 1592.00, 0.00, '2017-09-02', '2017-09-02', '15:20:41', '2017-09-21', '20:25:46', 1003),
	(2000000031, 796.00, 796.00, 0.00, '2017-09-02', '2017-09-02', '15:22:09', '2017-09-21', '20:26:16', 1003),
	(2000000032, 796.00, 796.00, 0.00, '2017-09-02', '2017-09-02', '15:32:31', '2017-09-21', '20:26:39', 1003),
	(2000000033, 796.00, 796.00, 0.00, '2017-09-02', '2017-09-02', '15:33:17', '2017-09-21', '20:26:52', 1003),
	(2000000034, 776.10, 0.00, 776.10, '2017-10-02', '2017-09-02', '07:53:13', '0000-00-00', '00:00:00', 0),
	(2000000035, 398.00, 398.00, 0.00, '2017-10-02', '2017-09-02', '07:57:26', '2017-09-08', '23:21:47', 1002),
	(2000000036, 796.00, 796.00, 0.00, '2017-09-03', '2017-09-03', '10:18:58', '2017-09-21', '20:27:05', 1003),
	(2000000037, 796.00, 796.00, 0.00, '2017-09-03', '2017-09-03', '10:20:58', '2017-09-21', '20:27:19', 1003),
	(2000000038, 796.00, 796.00, 0.00, '2017-09-03', '2017-09-03', '10:32:05', '2017-09-21', '20:27:48', 1003),
	(2000000039, 398.00, 398.00, 0.00, '2017-09-03', '2017-09-03', '10:33:49', '2017-09-21', '20:28:01', 1003),
	(2000000040, 398.00, 398.00, 0.00, '2017-09-03', '2017-09-03', '10:38:08', '2017-09-21', '20:28:13', 1003),
	(2000000041, 398.00, 398.00, 0.00, '2017-09-03', '2017-09-03', '10:39:30', '2017-09-21', '20:28:28', 1003),
	(2000000042, 398.00, 398.00, 0.00, '2017-09-03', '2017-09-03', '10:53:49', '2017-09-21', '20:28:39', 1003),
	(2000000043, 398.00, 398.00, 0.00, '2017-09-03', '2017-09-03', '10:56:37', '2017-09-21', '20:28:50', 1003),
	(2000000044, 394.02, 394.02, 0.00, '2017-09-03', '2017-09-03', '11:04:48', '2017-09-21', '20:29:04', 1003),
	(2000000045, 398.00, 398.00, 0.00, '2017-09-03', '2017-09-03', '11:08:52', '2017-09-21', '20:29:16', 1003),
	(2000000046, 398.00, 398.00, 0.00, '2017-09-03', '2017-09-03', '11:16:43', '2017-09-21', '20:29:28', 1003),
	(2000000047, 398.00, 398.00, 0.00, '2017-09-03', '2017-09-03', '11:19:06', '2017-09-21', '20:29:42', 1003),
	(2000000048, 398.00, 398.00, 0.00, '2017-09-03', '2017-09-03', '11:20:35', '2017-09-21', '20:29:58', 1003),
	(2000000049, 398.00, 398.00, 0.00, '2017-09-03', '2017-09-03', '11:21:59', '2017-09-21', '20:30:09', 1003),
	(2000000050, 398.00, 398.00, 0.00, '2017-09-03', '2017-09-03', '11:24:55', '2017-09-21', '20:30:22', 1003),
	(2000000051, 398.00, 398.00, 0.00, '2017-09-03', '2017-09-03', '11:27:04', '2017-09-21', '20:30:35', 1003),
	(2000000052, 398.00, 398.00, 0.00, '2017-09-03', '2017-09-03', '11:28:08', '2017-09-21', '20:30:51', 1003),
	(2000000053, 398.00, 398.00, 0.00, '2017-09-03', '2017-09-03', '11:31:06', '2017-09-21', '20:31:04', 1003),
	(2000000054, 398.00, 398.00, 0.00, '2017-09-03', '2017-09-03', '11:40:49', '2017-09-21', '20:31:16', 1003),
	(2000000055, 398.00, 398.00, 0.00, '2017-09-03', '2017-09-03', '11:42:07', '2017-09-21', '20:31:31', 1003),
	(2000000056, 398.00, 398.00, 0.00, '2017-09-03', '2017-09-03', '11:46:45', '2017-09-21', '20:31:43', 1003),
	(2000000057, 398.00, 398.00, 0.00, '2017-09-03', '2017-09-03', '11:48:06', '2017-09-21', '20:31:58', 1003),
	(2000000058, 398.00, 398.00, 0.00, '2017-09-03', '2017-09-03', '11:58:00', '2017-09-21', '20:32:11', 1003),
	(2000000059, 398.00, 398.00, 0.00, '2017-09-03', '2017-09-03', '12:00:19', '2017-09-21', '20:32:25', 1003),
	(2000000060, 398.00, 398.00, 0.00, '2017-09-03', '2017-09-03', '12:02:22', '2017-09-21', '20:32:40', 1003),
	(2000000061, 398.00, 398.00, 0.00, '2017-09-03', '2017-09-03', '12:06:03', '2017-09-21', '20:32:53', 1003),
	(2000000062, 398.00, 398.00, 0.00, '2017-09-03', '2017-09-03', '12:07:41', '2017-09-21', '20:33:05', 1003),
	(2000000063, 398.00, 398.00, 0.00, '2017-09-03', '2017-09-03', '12:09:44', '2017-09-21', '20:33:17', 1003),
	(2000000064, 398.00, 398.00, 0.00, '2017-09-03', '2017-09-03', '12:19:07', '2017-09-21', '20:33:32', 1003),
	(2000000065, 398.00, 398.00, 0.00, '2017-09-03', '2017-09-03', '12:21:36', '2017-10-04', '00:57:05', 1002),
	(2000000066, 398.00, 398.00, 0.00, '2017-09-03', '2017-09-03', '12:32:39', '2017-10-04', '19:17:00', 1002),
	(2000000067, 796.00, 0.00, 796.00, '2017-10-03', '2017-09-03', '06:29:22', '0000-00-00', '00:00:00', 0),
	(2000000068, 1990.00, 1990.00, 0.00, '2017-10-08', '2017-09-08', '05:17:28', '2017-09-21', '20:24:01', 1003),
	(2000000069, 1194.00, 1194.00, 0.00, '2017-10-08', '2017-09-08', '05:23:32', '2017-09-21', '20:24:16', 1003),
	(2000000070, 796.00, 796.00, 0.00, '2017-10-08', '2017-09-08', '05:24:42', '2017-09-21', '20:24:30', 1003),
	(2000000071, 1194.00, 1194.00, 0.00, '2017-09-11', '2017-09-11', '15:07:03', '2017-09-21', '20:23:18', 1003),
	(2000000072, 1990.00, 1990.00, 0.00, '2017-09-11', '2017-09-11', '15:08:19', '0000-00-00', '00:00:00', 1002),
	(2000000073, 398.00, 398.00, 0.00, '2017-10-11', '2017-09-11', '03:09:26', '2017-09-21', '20:24:50', 1003),
	(2000000074, 3600.00, 1600.00, 2000.00, '2017-09-13', '2017-09-13', '13:13:46', '0000-00-00', '00:00:00', 1002),
	(2000000075, 10800.00, 800.00, 10000.00, '2017-10-13', '2017-09-13', '02:43:55', '0000-00-00', '00:00:00', 0),
	(2000000076, 5590.00, 5590.00, 0.00, '2017-09-15', '2017-09-15', '13:56:33', '2017-09-21', '20:23:35', 1003),
	(2000000077, 453.00, 453.00, 0.00, '2017-10-15', '2017-09-15', '02:27:00', '2017-09-21', '20:25:02', 1003),
	(2000000078, 5525.00, 525.00, 5000.00, '2017-10-15', '2017-09-15', '02:41:29', '2017-10-04', '01:06:09', 1002),
	(2000000079, 1990.00, 1990.00, 0.00, '2017-10-15', '2017-09-15', '03:03:33', '2017-09-21', '20:27:35', 1003),
	(2000000080, 770.00, 470.00, 300.00, '2017-10-28', '2017-09-28', '01:06:51', '2017-10-07', '02:55:16', 1002),
	(2000000081, 770.00, 170.00, 600.00, '2017-10-29', '2017-09-29', '10:55:05', '0000-00-00', '00:00:00', 0),
	(2000000082, 770.00, 370.00, 400.00, '2017-10-29', '2017-09-29', '12:22:06', '2017-10-04', '19:26:56', 1002),
	(2000000083, 1440.00, 40.00, 1400.00, '2017-10-29', '2017-09-29', '12:49:17', '2017-10-04', '01:01:11', 1002),
	(2000000084, 450.00, 450.00, 0.00, '2017-10-31', '2017-10-01', '07:10:39', '2017-10-05', '02:49:04', 1002),
	(2000000085, 790.00, 790.00, 0.00, '2017-10-01', '2017-10-02', '02:02:21', '2017-10-02', '02:03:07', 1002),
	(2000000086, 0.00, 0.00, 0.00, '2017-11-02', '2017-10-03', '12:14:13', '0000-00-00', '00:00:00', 0),
	(2000000087, 1506.00, 0.00, 1506.00, '2017-11-02', '2017-10-03', '12:14:13', '0000-00-00', '00:00:00', 0),
	(2000000088, 2880.00, 0.00, 2880.00, '2017-11-02', '2017-10-03', '12:16:23', '0000-00-00', '00:00:00', 0),
	(2000000089, 1244.00, 0.00, 1244.00, '2017-11-02', '2017-10-03', '12:28:39', '0000-00-00', '00:00:00', 0),
	(2000000090, 2930.00, 1080.00, 1850.00, '2017-11-02', '2017-10-03', '12:28:50', '2017-10-04', '14:19:41', 1002),
	(2000000091, 2160.00, 360.00, 1800.00, '2017-11-02', '2017-10-03', '12:31:24', '2017-10-05', '15:55:33', 1002),
	(2000000092, 0.00, 0.00, 0.00, '2017-11-02', '2017-10-03', '12:32:28', '0000-00-00', '00:00:00', 0),
	(2000000093, 924.00, 0.00, 924.00, '2017-11-02', '2017-10-03', '12:34:40', '0000-00-00', '00:00:00', 0),
	(2000000094, 385.00, 0.00, 385.00, '2017-11-02', '2017-10-03', '12:34:58', '0000-00-00', '00:00:00', 0),
	(2000000095, 1990.00, 0.00, 1990.00, '2017-10-04', '2017-10-04', '20:54:16', '0000-00-00', '00:00:00', 1002),
	(2000000096, 382.00, 0.00, 382.00, '2017-11-02', '2017-10-03', '07:03:35', '0000-00-00', '00:00:00', 0),
	(2000000097, 44.00, 0.00, 44.00, '2017-11-02', '2017-10-03', '11:38:59', '0000-00-00', '00:00:00', 0),
	(2000000098, 550.00, 0.00, 550.00, '2017-10-04', '2017-10-05', '02:47:56', '0000-00-00', '00:00:00', 1002),
	(2000000099, 1790.00, 0.00, 1790.00, '2017-10-04', '2017-10-05', '05:24:35', '0000-00-00', '00:00:00', 1002),
	(2000000100, 395.00, 0.00, 395.00, '2017-10-05', '2017-10-06', '03:56:45', '0000-00-00', '00:00:00', 1002),
	(2000000101, 6695.00, 0.00, 6695.00, '2017-10-05', '2017-10-06', '04:11:46', '0000-00-00', '00:00:00', 1002),
	(2000000102, 6118.50, 0.00, 6118.50, '2017-12-05', '2017-10-07', '01:07:37', '0000-00-00', '00:00:00', 1002),
	(2000000103, 32.00, 0.00, 32.00, '2017-10-06', '2017-10-07', '01:09:21', '0000-00-00', '00:00:00', 1002);
/*!40000 ALTER TABLE `tbl_invoice` ENABLE KEYS */;

-- Dumping structure for table db_sungem.tbl_invoice_item
CREATE TABLE IF NOT EXISTS `tbl_invoice_item` (
  `invitem_id` int(10) unsigned NOT NULL AUTO_INCREMENT,
  `invoice_id` int(10) NOT NULL DEFAULT '0',
  `pro_name` varchar(100) NOT NULL DEFAULT '',
  `pro_id` int(5) NOT NULL DEFAULT '0',
  `lot_id` int(10) NOT NULL DEFAULT '0',
  `unit_price` double(10,2) NOT NULL DEFAULT '0.00',
  `quantity` int(8) NOT NULL DEFAULT '0',
  `subtotal` double(10,2) NOT NULL DEFAULT '0.00',
  `discount` double(10,2) NOT NULL DEFAULT '0.00',
  `total` double(10,2) NOT NULL DEFAULT '0.00',
  `date_added` date NOT NULL DEFAULT '0000-00-00',
  `time_added` time NOT NULL DEFAULT '00:00:00',
  `date_modified` date NOT NULL DEFAULT '0000-00-00',
  `time_modified` time NOT NULL DEFAULT '00:00:00',
  `usr_id` int(4) NOT NULL DEFAULT '0',
  PRIMARY KEY (`invitem_id`),
  KEY `lot_id` (`lot_id`),
  KEY `invoice_id` (`invoice_id`),
  KEY `usr_id` (`usr_id`),
  KEY `pro_id` (`pro_id`)
) ENGINE=MyISAM AUTO_INCREMENT=1000000129 DEFAULT CHARSET=latin1;

-- Dumping data for table db_sungem.tbl_invoice_item: 118 rows
/*!40000 ALTER TABLE `tbl_invoice_item` DISABLE KEYS */;
INSERT INTO `tbl_invoice_item` (`invitem_id`, `invoice_id`, `pro_name`, `pro_id`, `lot_id`, `unit_price`, `quantity`, `subtotal`, `discount`, `total`, `date_added`, `time_added`, `date_modified`, `time_modified`, `usr_id`) VALUES
	(1000000013, 2000000010, 'ACCELAC - 35g/45ml drops', 10039, 1000000001, 398.00, 1, 398.00, 39.80, 358.20, '2017-07-09', '18:01:10', '2017-07-31', '10:23:20', 1002),
	(1000000012, 2000000010, 'ACCELAC - 35g/45ml drops', 10038, 1000000005, 398.00, 0, 0.00, 0.00, 0.00, '2017-07-09', '18:01:10', '2017-07-27', '17:44:27', 1002),
	(1000000014, 2000000011, '', 10037, 1000000001, 398.00, 1, 398.00, 0.00, 398.00, '2017-07-10', '13:27:54', '0000-00-00', '00:00:00', 1002),
	(1000000015, 2000000011, '', 10036, 1000000005, 398.00, 1, 398.00, 0.00, 398.00, '2017-07-10', '13:27:54', '0000-00-00', '00:00:00', 1002),
	(1000000016, 2000000012, 'ACCELAC - 3.35g/5mL', 10039, 1000000001, 398.00, 1, 398.00, 39.80, 358.20, '2017-07-10', '13:31:17', '0000-00-00', '00:00:00', 1002),
	(1000000017, 2000000012, 'ACCELAC - 3.35g/5mL', 10039, 1000000005, 398.00, 1, 398.00, 39.80, 358.20, '2017-07-10', '13:31:17', '0000-00-00', '00:00:00', 1002),
	(1000000018, 2000000013, 'CONGESTRIL Forte - 1mg/Dextromethorpan..15mg/', 10101, 1000000004, 11.00, 10, 110.00, 11.00, 99.00, '2017-07-11', '11:46:43', '0000-00-00', '00:00:00', 1002),
	(1000000019, 2000000013, 'CONGESTRIL Forte - 1mg/Dextromethorpan..15mg/', 10101, 1000000006, 11.00, 15, 165.00, 16.50, 148.50, '2017-07-11', '11:46:43', '0000-00-00', '00:00:00', 1002),
	(1000000020, 2000000014, 'ACCELAC - 3.35g/5mL', 10039, 1000000001, 398.00, 15, 5970.00, 0.00, 5970.00, '2017-07-13', '03:03:35', '0000-00-00', '00:00:00', 1002),
	(1000000021, 2000000015, 'CONGESTRIL - 100mg/Phenylpropanolamine..12.5mg   Syrup', 10100, 1000000008, 100.00, 15, 1500.00, 0.00, 1500.00, '2017-07-27', '17:53:35', '2017-10-11', '00:15:46', 1002),
	(1000000011, 2000000006, 'ACCELAC - 3.35g/5mL', 10039, 1000000006, 398.00, 20, 7960.00, 0.00, 7960.00, '2017-07-11', '11:46:43', '0000-00-00', '00:00:00', 1002),
	(1000000022, 2000000017, 'ACCELAC - 3.35g/5m', 10039, 1000000009, 398.00, 8, 3184.00, 0.00, 3184.00, '2017-08-02', '03:41:14', '0000-00-00', '00:00:00', 1002),
	(1000000023, 2000000018, 'CONGESTRIL Forte - 1mg/Dextromethorpan..15mg/', 10101, 1000000004, 11.00, 30, 330.00, 0.00, 330.00, '2017-08-02', '04:15:03', '0000-00-00', '00:00:00', 1002),
	(1000000024, 2000000019, 'ACIFOX - 1g Powder for Injection IM/IV', 10076, 1000000002, 720.00, 12, 8640.00, 0.00, 8640.00, '2017-08-02', '04:17:28', '0000-00-00', '00:00:00', 1002),
	(1000000025, 2000000019, 'ACIFOX - 1g Powder for Injection IM/IV', 10076, 1000000010, 720.00, 3, 2160.00, 0.00, 2160.00, '2017-08-02', '04:17:28', '0000-00-00', '00:00:00', 1002),
	(1000000026, 2000000020, 'AGLOTAC - 50mg/2mL Sterile Solution for Injection', 10085, 1000000012, 50.00, 18, 900.00, 0.00, 900.00, '2017-08-02', '04:22:06', '2017-08-02', '14:22:32', 1002),
	(1000000027, 2000000021, 'ACCELAC - 3.35g/5m', 10039, 1000000009, 398.00, 2, 796.00, 0.00, 796.00, '2017-08-04', '03:13:03', '0000-00-00', '00:00:00', 1002),
	(1000000028, 2000000022, 'ACCELAC - 3.35g/5m', 10039, 1000000005, 398.00, 2, 796.00, 0.00, 796.00, '2017-08-04', '19:16:28', '0000-00-00', '00:00:00', 1002),
	(1000000029, 2000000023, 'ACCELAC - 3.35g/5m', 10039, 1000000007, 398.00, 10, 3980.00, 0.00, 3980.00, '2017-08-06', '19:08:55', '0000-00-00', '00:00:00', 1002),
	(1000000030, 2000000023, 'ACCELAC - 3.35g/5m', 10039, 1000000011, 398.00, 5, 1990.00, 0.00, 1990.00, '2017-08-06', '19:08:55', '0000-00-00', '00:00:00', 1002),
	(1000000031, 2000000024, 'ACCELAC - 3.35g/5m', 10039, 1000000001, 398.00, 5, 1990.00, 99.50, 1890.50, '2017-08-06', '19:09:56', '0000-00-00', '00:00:00', 1002),
	(1000000032, 2000000025, 'ACIFOX - 1g Powder for Injection IM/IV', 10076, 1000000010, 720.00, 3, 2160.00, 0.00, 2160.00, '2017-08-15', '20:18:08', '2017-09-13', '14:14:11', 1002),
	(1000000033, 2000000026, 'CONGESTRIL Forte - 325mg/Phenylpropanolamine..10mg Cap.', 10102, 1000000015, 11.00, 5, 55.00, 0.00, 55.00, '2017-08-24', '22:22:17', '0000-00-00', '00:00:00', 1002),
	(1000000034, 2000000027, 'ACCELAC - 3.35g/5m', 10039, 1000000001, 398.00, 5, 1990.00, 99.50, 1890.50, '2017-09-02', '13:54:27', '0000-00-00', '00:00:00', 1002),
	(1000000035, 2000000028, 'ACCELAC - 3.35g/5m', 10039, 1000000001, 398.00, 1, 398.00, 0.00, 398.00, '2017-09-02', '14:02:33', '0000-00-00', '00:00:00', 1002),
	(1000000036, 2000000028, 'CONGESTRIL Forte - 325mg/Phenylpropanolamine..10mg Cap.', 10102, 1000000015, 11.00, 20, 220.00, 0.00, 220.00, '2017-09-02', '14:02:33', '0000-00-00', '00:00:00', 1002),
	(1000000037, 2000000028, 'ACCELAC - 3.35g/5m', 10039, 1000000011, 398.00, 2, 796.00, 0.00, 796.00, '2017-09-02', '14:02:33', '0000-00-00', '00:00:00', 1002),
	(1000000038, 2000000028, 'ACCELAC - 3.35g/5m', 10039, 1000000009, 398.00, 7, 2786.00, 0.00, 2786.00, '2017-09-02', '14:02:33', '0000-00-00', '00:00:00', 1002),
	(1000000039, 2000000029, 'ACCELAC - 3.35g/5m', 10039, 1000000007, 398.00, 5, 1990.00, 0.00, 1990.00, '2017-09-02', '15:19:17', '0000-00-00', '00:00:00', 1002),
	(1000000040, 2000000030, 'ACCELAC - 3.35g/5m', 10039, 1000000001, 398.00, 4, 1592.00, 0.00, 1592.00, '2017-09-02', '15:20:41', '0000-00-00', '00:00:00', 1002),
	(1000000041, 2000000031, 'ACCELAC - 3.35g/5m', 10039, 1000000005, 398.00, 2, 796.00, 0.00, 796.00, '2017-09-02', '15:22:09', '0000-00-00', '00:00:00', 1002),
	(1000000042, 2000000032, 'ACCELAC - 3.35g/5m', 10039, 1000000005, 398.00, 2, 796.00, 0.00, 796.00, '2017-09-02', '15:32:31', '0000-00-00', '00:00:00', 1002),
	(1000000043, 2000000033, 'ACCELAC - 3.35g/5m', 10039, 1000000007, 398.00, 2, 796.00, 0.00, 796.00, '2017-09-02', '15:33:17', '0000-00-00', '00:00:00', 1002),
	(1000000044, 2000000034, 'ACCELAC Lactulose  - 3.35g/5m', 10039, 1000000001, 398.00, 1, 398.00, 19.90, 378.10, '2017-09-02', '07:53:13', '0000-00-00', '00:00:00', 0),
	(1000000045, 2000000034, 'ACCELAC Lactulose  - 3.35g/5m', 10039, 1000000007, 398.00, 1, 398.00, 0.00, 398.00, '2017-09-02', '07:53:13', '0000-00-00', '00:00:00', 0),
	(1000000046, 2000000035, 'ACCELAC Lactulose  - 3.35g/5m', 10039, 1000000001, 398.00, 1, 398.00, 0.00, 398.00, '2017-09-02', '07:57:26', '0000-00-00', '00:00:00', 0),
	(1000000047, 2000000036, 'ACCELAC - 3.35g/5m', 10039, 1000000001, 398.00, 2, 796.00, 0.00, 796.00, '2017-09-03', '10:18:58', '0000-00-00', '00:00:00', 1002),
	(1000000048, 2000000037, 'ACCELAC - 3.35g/5m', 10039, 1000000011, 398.00, 2, 796.00, 0.00, 796.00, '2017-09-03', '10:20:58', '0000-00-00', '00:00:00', 1002),
	(1000000049, 2000000038, 'ACCELAC - 3.35g/5m', 10039, 1000000007, 398.00, 2, 796.00, 0.00, 796.00, '2017-09-03', '10:32:05', '0000-00-00', '00:00:00', 1002),
	(1000000050, 2000000039, 'ACCELAC - 3.35g/5m', 10039, 1000000007, 398.00, 1, 398.00, 0.00, 398.00, '2017-09-03', '10:33:49', '0000-00-00', '00:00:00', 1002),
	(1000000051, 2000000040, 'ACCELAC - 3.35g/5m', 10039, 1000000011, 398.00, 1, 398.00, 0.00, 398.00, '2017-09-03', '10:38:08', '0000-00-00', '00:00:00', 1002),
	(1000000052, 2000000041, 'ACCELAC - 3.35g/5m', 10039, 1000000001, 398.00, 1, 398.00, 0.00, 398.00, '2017-09-03', '10:39:30', '0000-00-00', '00:00:00', 1002),
	(1000000053, 2000000042, 'ACCELAC - 3.35g/5m', 10039, 1000000005, 398.00, 1, 398.00, 0.00, 398.00, '2017-09-03', '10:53:49', '0000-00-00', '00:00:00', 1002),
	(1000000054, 2000000043, 'ACCELAC - 3.35g/5m', 10039, 1000000005, 398.00, 1, 398.00, 0.00, 398.00, '2017-09-03', '10:56:37', '0000-00-00', '00:00:00', 1002),
	(1000000055, 2000000044, 'ACCELAC - 3.35g/5m', 10039, 1000000007, 398.00, 1, 398.00, 3.98, 394.02, '2017-09-03', '11:04:48', '0000-00-00', '00:00:00', 1002),
	(1000000056, 2000000045, 'ACCELAC - 3.35g/5m', 10039, 1000000011, 398.00, 1, 398.00, 0.00, 398.00, '2017-09-03', '11:08:52', '0000-00-00', '00:00:00', 1002),
	(1000000057, 2000000046, 'ACCELAC - 3.35g/5m', 10039, 1000000007, 398.00, 1, 398.00, 0.00, 398.00, '2017-09-03', '11:16:43', '0000-00-00', '00:00:00', 1002),
	(1000000058, 2000000047, 'ACCELAC - 3.35g/5m', 10039, 1000000007, 398.00, 1, 398.00, 0.00, 398.00, '2017-09-03', '11:19:06', '0000-00-00', '00:00:00', 1002),
	(1000000059, 2000000048, 'ACCELAC - 3.35g/5m', 10039, 1000000009, 398.00, 1, 398.00, 0.00, 398.00, '2017-09-03', '11:20:35', '0000-00-00', '00:00:00', 1002),
	(1000000060, 2000000049, 'ACCELAC - 3.35g/5m', 10039, 1000000009, 398.00, 1, 398.00, 0.00, 398.00, '2017-09-03', '11:21:59', '0000-00-00', '00:00:00', 1002),
	(1000000061, 2000000050, 'ACCELAC - 3.35g/5m', 10039, 1000000009, 398.00, 1, 398.00, 0.00, 398.00, '2017-09-03', '11:24:55', '0000-00-00', '00:00:00', 1002),
	(1000000062, 2000000051, 'ACCELAC - 3.35g/5m', 10039, 1000000011, 398.00, 1, 398.00, 0.00, 398.00, '2017-09-03', '11:27:04', '0000-00-00', '00:00:00', 1002),
	(1000000063, 2000000052, 'ACCELAC - 3.35g/5m', 10039, 1000000011, 398.00, 1, 398.00, 0.00, 398.00, '2017-09-03', '11:28:08', '0000-00-00', '00:00:00', 1002),
	(1000000064, 2000000053, 'ACCELAC - 3.35g/5m', 10039, 1000000001, 398.00, 1, 398.00, 0.00, 398.00, '2017-09-03', '11:31:06', '0000-00-00', '00:00:00', 1002),
	(1000000065, 2000000054, 'ACCELAC - 3.35g/5m', 10039, 1000000001, 398.00, 1, 398.00, 0.00, 398.00, '2017-09-03', '11:40:49', '0000-00-00', '00:00:00', 1002),
	(1000000066, 2000000055, 'ACCELAC - 3.35g/5m', 10039, 1000000001, 398.00, 1, 398.00, 0.00, 398.00, '2017-09-03', '11:42:07', '0000-00-00', '00:00:00', 1002),
	(1000000067, 2000000056, 'ACCELAC - 3.35g/5m', 10039, 1000000001, 398.00, 1, 398.00, 0.00, 398.00, '2017-09-03', '11:46:45', '0000-00-00', '00:00:00', 1002),
	(1000000068, 2000000057, 'ACCELAC - 3.35g/5m', 10039, 1000000001, 398.00, 1, 398.00, 0.00, 398.00, '2017-09-03', '11:48:06', '0000-00-00', '00:00:00', 1002),
	(1000000069, 2000000058, 'ACCELAC - 3.35g/5m', 10039, 1000000001, 398.00, 1, 398.00, 0.00, 398.00, '2017-09-03', '11:58:00', '0000-00-00', '00:00:00', 1002),
	(1000000070, 2000000059, 'ACCELAC - 3.35g/5m', 10039, 1000000001, 398.00, 1, 398.00, 0.00, 398.00, '2017-09-03', '12:00:19', '0000-00-00', '00:00:00', 1002),
	(1000000071, 2000000060, 'ACCELAC - 3.35g/5m', 10039, 1000000001, 398.00, 1, 398.00, 0.00, 398.00, '2017-09-03', '12:02:22', '0000-00-00', '00:00:00', 1002),
	(1000000072, 2000000061, 'ACCELAC - 3.35g/5m', 10039, 1000000001, 398.00, 1, 398.00, 0.00, 398.00, '2017-09-03', '12:06:03', '0000-00-00', '00:00:00', 1002),
	(1000000073, 2000000062, 'ACCELAC - 3.35g/5m', 10039, 1000000001, 398.00, 1, 398.00, 0.00, 398.00, '2017-09-03', '12:07:41', '0000-00-00', '00:00:00', 1002),
	(1000000074, 2000000063, 'ACCELAC - 3.35g/5m', 10039, 1000000001, 398.00, 1, 398.00, 0.00, 398.00, '2017-09-03', '12:09:44', '0000-00-00', '00:00:00', 1002),
	(1000000075, 2000000064, 'ACCELAC - 3.35g/5m', 10039, 1000000001, 398.00, 1, 398.00, 0.00, 398.00, '2017-09-03', '12:19:07', '0000-00-00', '00:00:00', 1002),
	(1000000076, 2000000065, 'ACCELAC - 3.35g/5m', 10039, 1000000001, 398.00, 1, 398.00, 0.00, 398.00, '2017-09-03', '12:21:36', '0000-00-00', '00:00:00', 1002),
	(1000000077, 2000000066, 'ACCELAC - 3.35g/5m', 10039, 1000000001, 398.00, 1, 398.00, 0.00, 398.00, '2017-09-03', '12:32:39', '0000-00-00', '00:00:00', 1002),
	(1000000078, 2000000067, 'ACCELAC Lactulose  - 3.35g/5m', 10039, 1000000007, 398.00, 2, 796.00, 0.00, 796.00, '2017-09-03', '06:29:22', '0000-00-00', '00:00:00', 0),
	(1000000079, 2000000068, 'ACCELAC Lactulose  - 3.35g/5m', 10039, 1000000001, 398.00, 5, 1990.00, 0.00, 1990.00, '2017-09-08', '05:17:28', '0000-00-00', '00:00:00', 0),
	(1000000080, 2000000069, 'ACCELAC Lactulose  - 3.35g/5m', 10039, 1000000001, 398.00, 3, 1194.00, 0.00, 1194.00, '2017-09-08', '05:23:32', '0000-00-00', '00:00:00', 0),
	(1000000081, 2000000070, 'ACCELAC Lactulose  - 3.35g/5m', 10039, 1000000001, 398.00, 2, 796.00, 0.00, 796.00, '2017-09-08', '05:24:42', '0000-00-00', '00:00:00', 0),
	(1000000082, 2000000071, 'ACCELAC - 3.35g/5m', 10039, 1000000001, 398.00, 3, 1194.00, 0.00, 1194.00, '2017-09-11', '15:07:03', '0000-00-00', '00:00:00', 1002),
	(1000000083, 2000000072, 'ACCELAC - 3.35g/5m', 10039, 1000000001, 398.00, 5, 1990.00, 0.00, 1990.00, '2017-09-11', '15:08:19', '0000-00-00', '00:00:00', 1002),
	(1000000084, 2000000073, 'ACCELAC Lactulose  - 3.35g/5m', 10039, 1000000001, 398.00, 1, 398.00, 0.00, 398.00, '2017-09-11', '03:09:26', '0000-00-00', '00:00:00', 0),
	(1000000085, 2000000074, 'ACIFOX - 1g Powder for Injection IM/IV', 10076, 1000000017, 720.00, 5, 3600.00, 0.00, 3600.00, '2017-09-13', '13:13:46', '0000-00-00', '00:00:00', 1002),
	(1000000086, 2000000075, 'ACIFOX Cefoxitin (as sodium)  - 1g Powder for Injection IM/IV', 10076, 1000000017, 720.00, 15, 10800.00, 0.00, 10800.00, '2017-09-13', '02:43:55', '0000-00-00', '00:00:00', 0),
	(1000000087, 2000000076, 'ACCELAC - 3.35g/5m', 10039, 1000000011, 398.00, 5, 1990.00, 0.00, 1990.00, '2017-09-15', '13:56:33', '0000-00-00', '00:00:00', 1002),
	(1000000088, 2000000076, 'ACIFOX - 1g Powder for Injection IM/IV', 10076, 1000000010, 720.00, 5, 3600.00, 0.00, 3600.00, '2017-09-15', '13:56:33', '0000-00-00', '00:00:00', 1002),
	(1000000089, 2000000077, 'ACCELAC Lactulose  - 3.35g/5m', 10039, 1000000001, 398.00, 1, 398.00, 0.00, 398.00, '2017-09-15', '02:27:00', '0000-00-00', '00:00:00', 0),
	(1000000090, 2000000077, 'CONGESTRIL Forte Paracetamol - 325mg/Phenylpropanolamine..10mg Cap.', 10102, 1000000015, 11.00, 5, 55.00, 0.00, 55.00, '2017-09-15', '02:27:00', '0000-00-00', '00:00:00', 0),
	(1000000091, 2000000078, 'ACIFOX Cefoxitin (as sodium)  - 1g Powder for Injection IM/IV', 10076, 1000000017, 720.00, 5, 3600.00, 0.00, 3600.00, '2017-09-15', '02:41:29', '0000-00-00', '00:00:00', 0),
	(1000000092, 2000000078, 'CEFTRINA Ceftriaxone (as sodium)  - 1g Powder for Injection (IV/IM)', 10054, 1000000021, 385.00, 5, 1925.00, 0.00, 1925.00, '2017-09-15', '02:41:29', '0000-00-00', '00:00:00', 0),
	(1000000093, 2000000079, 'ACCELAC Lactulose  - 3.35g/5m', 10039, 1000000011, 398.00, 1, 398.00, 0.00, 398.00, '2017-09-15', '03:03:33', '0000-00-00', '00:00:00', 0),
	(1000000094, 2000000079, 'ACCELAC Lactulose  - 3.35g/5m', 10039, 1000000011, 398.00, 4, 1592.00, 0.00, 1592.00, '2017-09-15', '03:03:33', '0000-00-00', '00:00:00', 0),
	(1000000095, 2000000080, 'CEFTRINA Ceftriaxone (as sodium)  - 1g Powder for Injection (IV/IM)', 10054, 1000000021, 385.00, 2, 770.00, 0.00, 770.00, '2017-09-28', '01:06:51', '0000-00-00', '00:00:00', 0),
	(1000000096, 2000000081, 'CEFTRINA Ceftriaxone (as sodium)  - 1g Powder for Injection (IV/IM)', 10054, 1000000021, 385.00, 2, 770.00, 0.00, 770.00, '2017-09-29', '10:55:05', '0000-00-00', '00:00:00', 0),
	(1000000097, 2000000082, 'CEFTRINA Ceftriaxone (as sodium)  - 1g Powder for Injection (IV/IM)', 10054, 1000000021, 385.00, 2, 770.00, 0.00, 770.00, '2017-09-29', '12:22:06', '0000-00-00', '00:00:00', 0),
	(1000000098, 2000000083, 'ACIFOX Cefoxitin (as sodium)  - 1g Powder for Injection IM/IV', 10076, 1000000017, 720.00, 2, 1440.00, 0.00, 1440.00, '2017-09-29', '12:49:17', '0000-00-00', '00:00:00', 0),
	(1000000099, 2000000084, 'CONGESTRIL Chlorphenaramine Maleate - 1mg/Dextromethorpan..15mg/', 10099, 1000000083, 100.00, 5, 500.00, 50.00, 450.00, '2017-10-01', '07:10:39', '0000-00-00', '00:00:00', 0),
	(1000000100, 2000000085, 'CEFOLAN - 1 gram Powder for Injection', 10096, 1000000032, 158.00, 5, 790.00, 0.00, 790.00, '2017-10-02', '02:02:21', '0000-00-00', '00:00:00', 1002),
	(1000000101, 2000000087, 'ACIFOX Cefoxitin (as sodium)  - 1g Powder for Injection IM/IV', 10076, 1000000017, 720.00, 2, 1440.00, 0.00, 1440.00, '2017-10-03', '12:14:13', '0000-00-00', '00:00:00', 0),
	(1000000102, 2000000087, 'PERISPA Eperisone Hcl 50mg Sugar Coated Tablet - 50mg Sugar Coated Tablet', 10106, 1000000128, 22.00, 3, 66.00, 0.00, 66.00, '2017-10-03', '12:14:13', '0000-00-00', '00:00:00', 0),
	(1000000103, 2000000088, 'ACIFOX Cefoxitin (as sodium)  - 1g Powder for Injection IM/IV', 10076, 1000000017, 720.00, 4, 2880.00, 0.00, 2880.00, '2017-10-03', '12:16:23', '0000-00-00', '00:00:00', 0),
	(1000000104, 2000000089, 'ACIFOX Cefoxitin (as sodium)  - 1g Powder for Injection IM/IV', 10076, 1000000017, 720.00, 1, 720.00, 0.00, 720.00, '2017-10-03', '12:28:39', '0000-00-00', '00:00:00', 0),
	(1000000105, 2000000089, 'PERISPA Eperisone Hcl 50mg Sugar Coated Tablet - 50mg Sugar Coated Tablet', 10106, 1000000128, 22.00, 2, 44.00, 0.00, 44.00, '2017-10-03', '12:28:39', '0000-00-00', '00:00:00', 0),
	(1000000106, 2000000089, 'SELEGESIC Paracetamol 150mg/mL (300mg/2mL) Solution for Injection (I.M/I.V) - 150mg/mL (300mg/2mL) S', 10079, 1000000137, 160.00, 3, 480.00, 0.00, 480.00, '2017-10-03', '12:28:39', '0000-00-00', '00:00:00', 0),
	(1000000107, 2000000090, 'ACIFOX Cefoxitin (as sodium)  - 1g Powder for Injection IM/IV', 10076, 1000000017, 720.00, 3, 2160.00, 0.00, 2160.00, '2017-10-03', '12:28:50', '0000-00-00', '00:00:00', 0),
	(1000000108, 2000000090, 'CEFTRINA Ceftriaxone (as sodium)  - 1g Powder for Injection (IV/IM)', 10054, 1000000021, 385.00, 2, 770.00, 0.00, 770.00, '2017-10-03', '12:28:50', '0000-00-00', '00:00:00', 0),
	(1000000109, 2000000091, 'ACIFOX Cefoxitin (as sodium)  - 1g Powder for Injection IM/IV', 10076, 1000000017, 720.00, 3, 2160.00, 0.00, 2160.00, '2017-10-03', '12:31:24', '0000-00-00', '00:00:00', 0),
	(1000000110, 2000000093, 'ACIFOX Cefoxitin (as sodium)  - 1g Powder for Injection IM/IV', 10076, 1000000017, 720.00, 1, 720.00, 0.00, 720.00, '2017-10-03', '12:34:40', '0000-00-00', '00:00:00', 0),
	(1000000111, 2000000093, 'PERISPA Eperisone Hcl 50mg Sugar Coated Tablet - 50mg Sugar Coated Tablet', 10106, 1000000128, 22.00, 2, 44.00, 0.00, 44.00, '2017-10-03', '12:34:40', '0000-00-00', '00:00:00', 0),
	(1000000112, 2000000093, 'SELEGESIC Paracetamol 150mg/mL (300mg/2mL) Solution for Injection (I.M/I.V) - 150mg/mL (300mg/2mL) S', 10079, 1000000137, 160.00, 1, 160.00, 0.00, 160.00, '2017-10-03', '12:34:40', '0000-00-00', '00:00:00', 0),
	(1000000113, 2000000094, 'CEFTRINA Ceftriaxone (as sodium)  - 1g Powder for Injection (IV/IM)', 10054, 1000000021, 385.00, 1, 385.00, 0.00, 385.00, '2017-10-03', '12:34:58', '0000-00-00', '00:00:00', 0),
	(1000000114, 2000000095, 'CFC - 250mg/5ml  Granules for Susp.', 10005, 1000000099, 398.00, 5, 1990.00, 0.00, 1990.00, '2017-10-04', '20:54:16', '0000-00-00', '00:00:00', 1002),
	(1000000115, 2000000096, 'AGLOTAC Ranitidine - 50mg/2mL Sterile Solution for Injection', 10085, 1000000012, 50.00, 5, 250.00, 0.00, 250.00, '2017-10-03', '07:03:35', '0000-00-00', '00:00:00', 0),
	(1000000116, 2000000096, 'PERISPA Eperisone Hcl 50mg Sugar Coated Tablet - 50mg Sugar Coated Tablet', 10106, 1000000128, 22.00, 6, 132.00, 0.00, 132.00, '2017-10-03', '07:03:35', '0000-00-00', '00:00:00', 0),
	(1000000117, 2000000097, 'PERISPA Eperisone Hcl 50mg Sugar Coated Tablet - 50mg Sugar Coated Tablet', 10106, 1000000128, 22.00, 2, 44.00, 0.00, 44.00, '2017-10-03', '11:38:59', '0000-00-00', '00:00:00', 0),
	(1000000118, 2000000098, 'CRB - 50mg/ml Drops', 10029, 1000000064, 55.00, 10, 550.00, 0.00, 550.00, '2017-10-05', '02:47:56', '0000-00-00', '00:00:00', 1002),
	(1000000119, 2000000099, 'GRAVITAM - 1g/500mg Powder  for Inj. (IM/IV)', 10069, 1000000111, 179.00, 10, 1790.00, 0.00, 1790.00, '2017-10-05', '05:24:35', '0000-00-00', '00:00:00', 1002),
	(1000000120, 2000000100, 'CFC - 50mg/ml PFS Drops 20ml', 10004, 1000000100, 230.00, 1, 230.00, 0.00, 230.00, '2017-10-06', '03:56:45', '0000-00-00', '00:00:00', 1002),
	(1000000121, 2000000100, 'CFA - 250mg/5ml PFSuspension', 10008, 1000000096, 154.00, 1, 154.00, 0.00, 154.00, '2017-10-06', '03:56:45', '0000-00-00', '00:00:00', 1002),
	(1000000122, 2000000100, 'AMX - 500mg  Capsule', 10003, 1000000061, 11.00, 1, 11.00, 0.00, 11.00, '2017-10-06', '03:56:45', '0000-00-00', '00:00:00', 1002),
	(1000000123, 2000000101, 'CFA - 250mg/5ml PFSuspension', 10008, 1000000096, 154.00, 20, 3080.00, 0.00, 3080.00, '2017-10-06', '04:11:46', '0000-00-00', '00:00:00', 1002),
	(1000000124, 2000000101, 'CFC - 50mg/ml PFS Drops 20ml', 10004, 1000000100, 230.00, 15, 3450.00, 0.00, 3450.00, '2017-10-06', '04:11:46', '0000-00-00', '00:00:00', 1002),
	(1000000125, 2000000101, 'AMX - 500mg  Capsule', 10003, 1000000061, 11.00, 15, 165.00, 0.00, 165.00, '2017-10-06', '04:11:46', '0000-00-00', '00:00:00', 1002),
	(1000000126, 2000000102, 'ACCELAC - 3.35g/5m', 10039, 1000000011, 398.00, 15, 5970.00, 0.00, 5970.00, '2017-10-07', '01:07:37', '0000-00-00', '00:00:00', 1002),
	(1000000127, 2000000102, 'CONGESTRIL Forte - 325mg/Phenylpropanolamine. 10mg Cap.', 10102, 1000000015, 11.00, 15, 165.00, 16.50, 148.50, '2017-10-07', '01:07:37', '0000-00-00', '00:00:00', 1002),
	(1000000128, 2000000103, 'Alamin FeZ - 500mg/Vit. B6..250mg/Vit. B12..1mg  Tab.', 10113, 1000000019, 16.00, 2, 32.00, 0.00, 32.00, '2017-10-07', '01:09:21', '0000-00-00', '00:00:00', 1002);
/*!40000 ALTER TABLE `tbl_invoice_item` ENABLE KEYS */;

-- Dumping structure for table db_sungem.tbl_lot
CREATE TABLE IF NOT EXISTS `tbl_lot` (
  `lot_id` int(10) unsigned NOT NULL AUTO_INCREMENT,
  `lot_number` varchar(100) NOT NULL DEFAULT '',
  `pro_id` int(5) NOT NULL DEFAULT '0',
  `expiry_date` date NOT NULL DEFAULT '0000-00-00',
  `quantity` int(10) NOT NULL DEFAULT '0',
  PRIMARY KEY (`lot_id`),
  KEY `prod_id` (`pro_id`)
) ENGINE=MyISAM AUTO_INCREMENT=1000000150 DEFAULT CHARSET=latin1;

-- Dumping data for table db_sungem.tbl_lot: 147 rows
/*!40000 ALTER TABLE `tbl_lot` DISABLE KEYS */;
INSERT INTO `tbl_lot` (`lot_id`, `lot_number`, `pro_id`, `expiry_date`, `quantity`) VALUES
	(1000000001, '1111', 10039, '2017-10-25', 18),
	(1000000002, '2222', 10076, '2018-02-02', 0),
	(1000000003, '3333', 10058, '2019-03-03', 5),
	(1000000004, '1234', 10101, '2021-05-05', 10),
	(1000000005, '5858', 10039, '2019-03-03', 0),
	(1000000006, '7896', 10101, '2019-02-01', 25),
	(1000000007, '1212', 10039, '2019-02-02', 1),
	(1000000008, '7777', 10100, '2018-01-01', 60),
	(1000000009, '9090', 10039, '2020-02-02', 0),
	(1000000010, '5050', 10076, '2018-01-01', 7),
	(1000000011, '85594', 10039, '2017-08-15', 0),
	(1000000012, '4965', 10085, '2019-01-01', 21),
	(1000000013, '4686', 10090, '2019-06-03', 50),
	(1000000014, '9685', 10107, '2019-01-01', 50),
	(1000000015, '8989', 10102, '2018-01-01', 25),
	(1000000016, '4444', 10059, '2018-01-11', 140),
	(1000000017, '789SAS', 10076, '2019-02-05', 2),
	(1000000018, '98ASJDNS', 10058, '2019-11-30', 35),
	(1000000019, '87SAD', 10113, '2020-07-10', 48),
	(1000000020, '125268S', 10067, '2020-07-10', 80),
	(1000000021, 'POS982A', 10054, '2020-07-10', 13),
	(1000000022, 'ASD123', 10110, '2020-07-10', 20),
	(1000000023, 'ASD122', 10074, '2020-07-10', 20),
	(1000000024, 'ASD121', 10041, '2020-07-10', 20),
	(1000000025, 'ASD001', 10110, '2020-07-10', 20),
	(1000000026, 'ASD002', 10074, '2020-07-10', 20),
	(1000000027, 'ASD003', 10041, '2020-07-10', 20),
	(1000000028, 'ASD004', 10011, '2020-07-10', 20),
	(1000000029, 'ASD005', 10090, '2020-07-10', 20),
	(1000000030, 'ASD006', 10107, '2020-07-10', 20),
	(1000000031, 'ASD007', 10070, '2020-07-10', 20),
	(1000000032, 'ASD010', 10096, '2020-07-10', 195),
	(1000000033, 'ASD011', 10054, '2020-07-10', 200),
	(1000000034, 'ASD012', 10053, '2020-07-10', 200),
	(1000000035, 'ASD013', 10090, '2020-07-10', 20),
	(1000000036, 'ASD014', 10041, '2020-07-10', 20),
	(1000000037, 'ASD015', 10053, '2020-07-10', 20),
	(1000000038, 'ASD016', 10112, '2020-07-10', 20),
	(1000000039, 'ASD017', 10007, '2020-07-10', 20),
	(1000000040, 'ASD018', 10074, '2020-07-10', 20),
	(1000000041, 'ASD020', 10009, '2020-07-10', 20),
	(1000000042, 'ASD021', 10073, '2020-07-10', 20),
	(1000000043, 'ASD022', 10096, '2020-07-10', 20),
	(1000000046, '123456', 10050, '2019-11-30', 500),
	(1000000047, 'df32532', 10124, '2019-01-02', 50),
	(1000000048, '7658745', 10039, '2020-02-04', 60),
	(1000000049, '19191919', 10052, '2021-02-03', 85),
	(1000000050, '18181818', 10012, '2022-06-06', 200),
	(1000000051, '17171717', 10017, '2020-08-21', 120),
	(1000000052, '292929', 10040, '2024-03-08', 100),
	(1000000053, '282828', 10018, '2020-07-04', 220),
	(1000000054, '272727', 10019, '2022-03-16', 170),
	(1000000055, '2424242', 10091, '2019-09-12', 150),
	(1000000056, '252525', 10086, '2018-12-15', 120),
	(1000000057, '262626', 10026, '2020-11-01', 100),
	(1000000058, '212121', 10027, '2018-10-06', 80),
	(1000000059, '222222', 10028, '2022-01-01', 75),
	(1000000060, '232323', 10001, '2019-04-21', 60),
	(1000000061, '313131', 10003, '2022-08-09', 29),
	(1000000062, '3232323', 10002, '2021-09-16', 75),
	(1000000063, '696969', 10100, '2019-07-08', 90),
	(1000000064, '686868', 10029, '2018-05-16', 75),
	(1000000065, '676767', 10030, '2021-09-12', 75),
	(1000000066, '66666', 10031, '2019-07-03', 60),
	(1000000067, '6565656', 10032, '2023-09-15', 42),
	(1000000068, '8558585', 10074, '2020-06-19', 60),
	(1000000069, '8787878', 10041, '2022-02-08', 80),
	(1000000070, '898989', 10110, '2021-04-01', 80),
	(1000000071, '888888', 10054, '2021-09-29', 80),
	(1000000072, '848484', 10053, '2018-10-23', 80),
	(1000000073, '845a58', 10068, '2019-06-15', 100),
	(1000000074, 'abc89', 10067, '2019-03-05', 100),
	(1000000075, 'f785fsa', 10071, '2024-09-01', 80),
	(1000000076, 'ert895s', 10082, '2020-06-07', 60),
	(1000000077, '885562sa', 10073, '2020-05-18', 80),
	(1000000078, '12s5s4d', 10075, '2023-03-01', 80),
	(1000000079, '494847', 10066, '2022-12-10', 200),
	(1000000080, '456ASD', 10044, '2020-05-14', 150),
	(1000000081, 'ATR5456', 10046, '2020-03-21', 160),
	(1000000082, 'ERQ8456', 10047, '2021-06-13', 175),
	(1000000083, 'POS456', 10099, '2020-03-04', 392),
	(1000000084, 'PLSK785', 10100, '2019-07-10', 250),
	(1000000085, 'ERF7854', 10101, '2020-06-14', 300),
	(1000000086, 'HDT456', 10102, '2021-08-13', 150),
	(1000000087, 'TE2123', 10021, '2022-10-10', 700),
	(1000000088, 'LOP656', 10022, '2024-12-11', 200),
	(1000000089, 'PWWW85', 10061, '2019-12-07', 100),
	(1000000090, '456ASH', 10108, '2021-05-06', 140),
	(1000000091, 'QYD789', 10080, '2021-10-08', 150),
	(1000000092, 'KL4474', 10095, '2023-04-06', 175),
	(1000000093, 'KLS888', 10037, '2020-02-03', 200),
	(1000000094, '77878', 10007, '2020-05-04', 200),
	(1000000095, '778DA', 10006, '2020-08-05', 250),
	(1000000096, '77SDA', 10008, '2023-09-14', 254),
	(1000000097, '887ASD', 10009, '2021-09-12', 225),
	(1000000098, '56QQQ', 10062, '2020-02-05', 192),
	(1000000099, 'EEE54', 10005, '2018-06-04', 235),
	(1000000100, 'RRR45', 10004, '2021-03-03', 184),
	(1000000101, 'MM111', 10045, '2022-02-03', 150),
	(1000000102, 'MM222', 10035, '2020-08-25', 350),
	(1000000103, 'MM333', 10048, '2020-06-04', 200),
	(1000000104, 'MM444', 10057, '2020-06-05', 90),
	(1000000105, 'MM555', 10105, '2019-11-10', 80),
	(1000000106, 'MM666', 10038, '2020-09-27', 75),
	(1000000107, 'MM777', 10014, '2021-06-17', 65),
	(1000000108, 'MM888', 10015, '2021-05-07', 100),
	(1000000109, 'MM999', 10092, '2020-07-19', 190),
	(1000000110, 'MM123', 10010, '2019-06-18', 300),
	(1000000111, 'MM654', 10069, '2019-08-07', 70),
	(1000000112, 'MM789', 10072, '2019-12-10', 90),
	(1000000113, 'RRR111', 10094, '2019-03-06', 200),
	(1000000114, 'RRR222', 10016, '2020-08-29', 240),
	(1000000115, 'RRR333', 10078, '2020-10-05', 230),
	(1000000116, 'RRR444', 10013, '2019-09-06', 210),
	(1000000117, 'RRR555', 10111, '2020-01-11', 200),
	(1000000118, 'RRR666', 10036, '2020-11-09', 285),
	(1000000119, 'RRR777', 10081, '2019-08-07', 274),
	(1000000120, 'RRR888', 10042, '2020-08-06', 156),
	(1000000121, 'RRR999', 10059, '2019-06-08', 160),
	(1000000122, 'RRR123', 10060, '2021-05-11', 170),
	(1000000123, 'RRR321', 10020, '2020-06-28', 240),
	(1000000124, 'RR56R', 10114, '2019-06-09', 280),
	(1000000125, 'RRR789', 10098, '2020-05-05', 310),
	(1000000126, 'DDD111', 10049, '2019-11-01', 180),
	(1000000127, 'DDD222', 10087, '2019-11-02', 90),
	(1000000128, 'DDD333', 10106, '2020-08-02', 62),
	(1000000129, 'DDD444', 10103, '2020-07-05', 150),
	(1000000130, 'DDD555', 10023, '2019-04-05', 200),
	(1000000131, 'DDD666', 10024, '2019-02-03', 150),
	(1000000132, 'DDD777', 10025, '2019-04-05', 180),
	(1000000133, 'DDD888', 10051, '2020-08-15', 260),
	(1000000134, 'DDD999', 10084, '2021-08-07', 50),
	(1000000135, 'KKK111', 10055, '2020-04-10', 60),
	(1000000136, 'KKK222', 10056, '2021-02-07', 88),
	(1000000137, 'KKK333', 10079, '2019-04-09', 66),
	(1000000138, 'KKK444', 10033, '2020-06-07', 105),
	(1000000139, 'KKK555', 10034, '2019-09-06', 165),
	(1000000140, 'PPP111', 10097, '2020-04-05', 200),
	(1000000141, 'PPP222', 10065, '2019-12-02', 320),
	(1000000142, 'PPP333', 10064, '2020-04-04', 80),
	(1000000143, 'PPP444', 10093, '2020-04-08', 75),
	(1000000144, 'PPP555', 10063, '2020-06-10', 99),
	(1000000145, 'PPP666', 10043, '2019-11-04', 120),
	(1000000146, 'PPP777', 10109, '2019-07-07', 210),
	(1000000147, 'PPP888', 10083, '2019-03-04', 250),
	(1000000148, 'PPP999', 10088, '2020-05-07', 275),
	(1000000149, '1855845h', 10062, '2017-11-10', 20);
/*!40000 ALTER TABLE `tbl_lot` ENABLE KEYS */;

-- Dumping structure for table db_sungem.tbl_medrep
CREATE TABLE IF NOT EXISTS `tbl_medrep` (
  `medrep_id` int(4) unsigned NOT NULL AUTO_INCREMENT,
  `mr_username` varchar(150) NOT NULL DEFAULT '',
  `mr_password` varchar(150) NOT NULL DEFAULT '',
  `mr_firstname` varchar(180) NOT NULL DEFAULT '',
  `mr_lastname` varchar(180) NOT NULL DEFAULT '',
  `mr_middlename` varchar(180) NOT NULL DEFAULT '',
  `mr_address` varchar(180) NOT NULL DEFAULT '',
  `mr_contact_no` varchar(25) NOT NULL DEFAULT '',
  `mr_email` varchar(50) NOT NULL DEFAULT '',
  `acc_photo` varchar(150) NOT NULL DEFAULT '',
  `date_added` date NOT NULL DEFAULT '0000-00-00',
  `time_added` time NOT NULL DEFAULT '00:00:00',
  `date_modified` date NOT NULL DEFAULT '0000-00-00',
  `time_modified` time NOT NULL DEFAULT '00:00:00',
  `usr_id` int(3) NOT NULL DEFAULT '0',
  `status` int(2) NOT NULL DEFAULT '1',
  PRIMARY KEY (`medrep_id`),
  KEY `usr_id` (`usr_id`)
) ENGINE=MyISAM AUTO_INCREMENT=1018 DEFAULT CHARSET=latin1;

-- Dumping data for table db_sungem.tbl_medrep: 11 rows
/*!40000 ALTER TABLE `tbl_medrep` DISABLE KEYS */;
INSERT INTO `tbl_medrep` (`medrep_id`, `mr_username`, `mr_password`, `mr_firstname`, `mr_lastname`, `mr_middlename`, `mr_address`, `mr_contact_no`, `mr_email`, `acc_photo`, `date_added`, `time_added`, `date_modified`, `time_modified`, `usr_id`, `status`) VALUES
	(1001, 'medrep1', '5f4dcc3b5aa765d61d8327deb882cf99', 'Johnson', 'Kenny', 'Rogers', 'Brgy. 1', '09221316458', 'johnken@gmail.com', '', '2016-11-15', '09:23:55', '0000-00-00', '00:00:00', 0, 1),
	(1002, 'medrep2', '5f4dcc3b5aa765d61d8327deb882cf99', 'Edwards', 'Punta', 'Bulatata', 'Brgy. 2', '09457874510', 'lawrence@gmail.com', '', '2016-11-15', '09:24:00', '0000-00-00', '00:00:00', 0, 1),
	(1003, 'medrep3', '5f4dcc3b5aa765d61d8327deb882cf99', 'Michelle', 'Bombshell', 'Obama', 'Brgy. 3', '09231320147', 'michelle@gmail.com', '', '2016-11-25', '11:12:13', '0000-00-00', '00:00:00', 0, 1),
	(1004, '', '', 'Franciscos', 'Zaricos', 'Balta', 'Brgy. 4', '09998100254', 'franciso@gmail.com', '', '2016-11-30', '13:36:55', '2017-07-12', '02:37:48', 1002, 1),
	(1005, '', '', 'Janice', 'Pempecoss', 'Arissori', 'Brgy. 5', '09775649855', 'janice@gmail.com', '', '2017-01-03', '10:00:55', '2017-06-05', '22:38:19', 0, 1),
	(1006, '', '', 'Edbert Jason', 'Estevez', 'Jasons', 'Ptataytays', '093274829384', 'trebdenosaj@gmail.com', '', '0000-00-00', '00:00:00', '0000-00-00', '00:00:00', 0, 0),
	(1007, '', '', 'Hahahaha', 'Hahahaha', 'Hahahaha', 'Papa', '09112827382', 'rightmed@gmail,com', '', '0000-00-00', '00:00:00', '0000-00-00', '00:00:00', 0, 0),
	(1008, 'jason', '5f4dcc3b5aa765d61d8327deb882cf99', 'Edbert', 'Estevez', 'Jason', 'Hala 123 sa bangga', '09187829384', 'trebdenosaj@gmail.com', '', '2017-07-11', '22:16:13', '2017-07-12', '02:32:44', 0, 1),
	(1015, '123', '5f4dcc3b5aa765d61d8327deb882cf99', 'Edbert', 'e', 'e', 'e', '1', 'e', '', '2017-08-02', '06:11:29', '2017-08-02', '06:11:53', 1002, 0),
	(1016, 'jasons123', '5f4dcc3b5aa765d61d8327deb882cf99', 'mama', 'mama', 'mama', '123', '123', '123@gmail.com', '', '2017-09-08', '00:45:43', '0000-00-00', '00:00:00', 1002, 0),
	(1017, 'medrepold', '5f4dcc3b5aa765d61d8327deb882cf99', 'Michael', 'Laguna', 'Calamba', 'Bacolod City', '09995849284', 'michael@gmail.com', '', '2017-10-07', '02:58:57', '0000-00-00', '00:00:00', 1002, 1);
/*!40000 ALTER TABLE `tbl_medrep` ENABLE KEYS */;

-- Dumping structure for table db_sungem.tbl_mobile_update
CREATE TABLE IF NOT EXISTS `tbl_mobile_update` (
  `check_id` int(11) NOT NULL AUTO_INCREMENT,
  `medrep_id` int(4) NOT NULL DEFAULT '0',
  `delivery_update` int(10) NOT NULL DEFAULT '0',
  `payment_update` int(10) NOT NULL DEFAULT '0',
  `monitor_update` int(10) NOT NULL DEFAULT '0',
  PRIMARY KEY (`check_id`)
) ENGINE=MyISAM AUTO_INCREMENT=16 DEFAULT CHARSET=latin1;

-- Dumping data for table db_sungem.tbl_mobile_update: 15 rows
/*!40000 ALTER TABLE `tbl_mobile_update` DISABLE KEYS */;
INSERT INTO `tbl_mobile_update` (`check_id`, `medrep_id`, `delivery_update`, `payment_update`, `monitor_update`) VALUES
	(1, 1001, 11, 18, 2),
	(2, 1002, 83, 183, 29),
	(3, 1003, 10, 4, 1),
	(4, 1004, 2, 0, 0),
	(5, 1005, 10, 3, 1),
	(6, 1006, 0, 0, 0),
	(7, 1007, 0, 0, 0),
	(8, 1008, 5, 10, 7),
	(9, 1009, 0, 0, 0),
	(10, 1010, 0, 0, 0),
	(11, 1011, 0, 0, 0),
	(12, 1012, 0, 0, 0),
	(13, 1013, 0, 0, 0),
	(14, 1014, 0, 0, 0),
	(15, 1015, 0, 0, 0);
/*!40000 ALTER TABLE `tbl_mobile_update` ENABLE KEYS */;

-- Dumping structure for table db_sungem.tbl_monitor_items
CREATE TABLE IF NOT EXISTS `tbl_monitor_items` (
  `monitor_item_id` int(5) NOT NULL AUTO_INCREMENT,
  `monitor_id` int(5) NOT NULL DEFAULT '0',
  `pro_id` int(5) NOT NULL DEFAULT '0',
  `lot_number` varchar(50) NOT NULL DEFAULT '',
  `qty_sold` int(8) NOT NULL DEFAULT '0',
  `qty_withdrawn` int(8) NOT NULL DEFAULT '0',
  `medrep_id` int(4) NOT NULL DEFAULT '0',
  `client_id` int(4) NOT NULL DEFAULT '0',
  PRIMARY KEY (`monitor_item_id`),
  KEY `pro_id` (`pro_id`),
  KEY `client_id` (`client_id`),
  KEY `medrep_id` (`medrep_id`),
  KEY `monitor_id` (`monitor_id`)
) ENGINE=MyISAM AUTO_INCREMENT=72 DEFAULT CHARSET=latin1;

-- Dumping data for table db_sungem.tbl_monitor_items: 71 rows
/*!40000 ALTER TABLE `tbl_monitor_items` DISABLE KEYS */;
INSERT INTO `tbl_monitor_items` (`monitor_item_id`, `monitor_id`, `pro_id`, `lot_number`, `qty_sold`, `qty_withdrawn`, `medrep_id`, `client_id`) VALUES
	(1, 1, 10039, '1111', 1, 1, 1002, 1006),
	(2, 1, 10039, '1212', 1, 1, 1002, 1006),
	(3, 2, 10039, '1111', 1, 0, 1002, 1016),
	(4, 3, 10039, '1212', 2, 1, 1002, 1006),
	(5, 4, 10039, '1111', 5, 0, 1008, 1010),
	(6, 5, 10039, '1111', 3, 1, 1008, 1010),
	(7, 6, 10039, '1111', 2, 0, 1008, 1010),
	(8, 7, 10039, '1111', 1, 0, 1002, 1016),
	(9, 7, 10039, '85594', 0, 0, 1002, 1016),
	(10, 8, 10039, '1212', 0, 0, 1002, 1006),
	(11, 8, 10076, '789SAS', 15, 0, 1002, 1006),
	(12, 8, 10054, 'POS982A', 0, 0, 1002, 1006),
	(13, 9, 10039, '1111', 1, 0, 1002, 1016),
	(14, 9, 10039, '85594', 0, 0, 1002, 1016),
	(15, 9, 10102, '8989', 5, 0, 1002, 1016),
	(16, 9, 10054, 'POS982A', 0, 0, 1002, 1016),
	(17, 10, 10039, '1212', 0, 0, 1002, 1006),
	(18, 10, 10076, '789SAS', 5, 0, 1002, 1006),
	(19, 10, 10054, 'POS982A', 6, 0, 1002, 1006),
	(20, 11, 10039, '85594', 5, 0, 1002, 1016),
	(21, 11, 10102, '8989', 0, 0, 1002, 1016),
	(22, 11, 10054, 'POS982A', 0, 0, 1002, 1016),
	(23, 12, 10102, '8989', 0, 0, 1002, 1016),
	(24, 12, 10054, 'POS982A', 2, 0, 1002, 1016),
	(25, 13, 10102, '8989', 0, 0, 1002, 1016),
	(26, 13, 10054, 'POS982A', 2, 0, 1002, 1016),
	(27, 14, 10102, '8989', 0, 0, 1002, 1016),
	(28, 14, 10054, 'POS982A', 2, 1, 1002, 1016),
	(29, 15, 10076, '789SAS', 2, 0, 1002, 1016),
	(30, 15, 10054, 'POS982A', 0, 0, 1002, 1016),
	(31, 15, 10039, '7658745', 3, 1, 1002, 1016),
	(32, 16, 10076, '789SAS', 0, 0, 1002, 1016),
	(33, 16, 10054, 'POS982A', 0, 0, 1002, 1016),
	(34, 16, 10039, '7658745', 0, 0, 1002, 1016),
	(35, 16, 10099, 'POS456', 5, 2, 1002, 1016),
	(36, 17, 10039, '1212', 1, 0, 1002, 1006),
	(37, 18, 10039, '1212', 1, 0, 1002, 1006),
	(38, 18, 10076, '789SAS', 2, 0, 1002, 1006),
	(39, 18, 10106, 'DDD333', 3, 0, 1002, 1006),
	(40, 18, 10079, 'KKK333', 0, 0, 1002, 1006),
	(41, 19, 10076, '789SAS', 4, 0, 1002, 1016),
	(42, 19, 10054, 'POS982A', 0, 0, 1002, 1016),
	(43, 19, 10039, '7658745', 4, 0, 1002, 1016),
	(44, 20, 10076, '789SAS', 1, 0, 1002, 1006),
	(45, 20, 10106, 'DDD333', 2, 0, 1002, 1006),
	(46, 20, 10079, 'KKK333', 3, 0, 1002, 1006),
	(47, 21, 10076, '789SAS', 3, 0, 1002, 1016),
	(48, 21, 10054, 'POS982A', 2, 0, 1002, 1016),
	(49, 21, 10039, '7658745', 1, 0, 1002, 1016),
	(50, 22, 10076, '789SAS', 3, 1, 1002, 1016),
	(51, 22, 10054, 'POS982A', 0, 0, 1002, 1016),
	(52, 22, 10039, '7658745', 0, 0, 1002, 1016),
	(53, 22, 10099, 'POS456', 0, 0, 1002, 1016),
	(54, 23, 10076, '789SAS', 0, 0, 1002, 1016),
	(55, 23, 10054, 'POS982A', 0, 0, 1002, 1016),
	(56, 23, 10039, '7658745', 2, 1, 1002, 1016),
	(57, 24, 10076, '789SAS', 1, 1, 1002, 1006),
	(58, 24, 10106, 'DDD333', 2, 2, 1002, 1006),
	(59, 24, 10079, 'KKK333', 1, 1, 1002, 1006),
	(60, 25, 10076, '789SAS', 0, 0, 1002, 1016),
	(61, 25, 10054, 'POS982A', 1, 1, 1002, 1016),
	(62, 25, 10039, '7658745', 0, 0, 1002, 1016),
	(63, 25, 10099, 'POS456', 0, 0, 1002, 1016),
	(64, 26, 10085, '4965', 5, 0, 1002, 1006),
	(65, 26, 10076, '789SAS', 0, 0, 1002, 1006),
	(66, 26, 10106, 'DDD333', 6, 0, 1002, 1006),
	(67, 26, 10079, 'KKK333', 0, 0, 1002, 1006),
	(68, 27, 10085, '4965', 0, 0, 1002, 1006),
	(69, 27, 10076, '789SAS', 0, 0, 1002, 1006),
	(70, 27, 10106, 'DDD333', 2, 0, 1002, 1006),
	(71, 27, 10079, 'KKK333', 0, 0, 1002, 1006);
/*!40000 ALTER TABLE `tbl_monitor_items` ENABLE KEYS */;

-- Dumping structure for table db_sungem.tbl_monitor_main
CREATE TABLE IF NOT EXISTS `tbl_monitor_main` (
  `monitor_id` int(11) NOT NULL AUTO_INCREMENT,
  `client_id` int(4) NOT NULL DEFAULT '0',
  `monitor_date` date NOT NULL DEFAULT '0000-00-00',
  `monitor_time` time NOT NULL DEFAULT '00:00:00',
  `medrep_id` int(5) NOT NULL DEFAULT '0',
  PRIMARY KEY (`monitor_id`),
  KEY `client_id` (`client_id`),
  KEY `medrep_id` (`medrep_id`)
) ENGINE=MyISAM AUTO_INCREMENT=28 DEFAULT CHARSET=latin1;

-- Dumping data for table db_sungem.tbl_monitor_main: 27 rows
/*!40000 ALTER TABLE `tbl_monitor_main` DISABLE KEYS */;
INSERT INTO `tbl_monitor_main` (`monitor_id`, `client_id`, `monitor_date`, `monitor_time`, `medrep_id`) VALUES
	(1, 1006, '2017-09-02', '07:53:13', 1002),
	(2, 1016, '2017-09-02', '07:57:26', 1002),
	(3, 1006, '2017-09-03', '06:29:22', 1002),
	(4, 1010, '2017-09-08', '05:17:28', 1008),
	(5, 1010, '2017-09-08', '05:23:32', 1008),
	(6, 1010, '2017-09-08', '05:24:42', 1008),
	(7, 1016, '2017-09-11', '03:09:26', 1002),
	(8, 1006, '2017-09-13', '02:43:55', 1002),
	(9, 1016, '2017-09-15', '02:27:00', 1002),
	(10, 1006, '2017-09-15', '02:41:29', 1002),
	(11, 1016, '2017-09-15', '03:03:33', 1002),
	(12, 1016, '2017-09-28', '01:06:51', 1002),
	(13, 1016, '2017-09-29', '10:55:05', 1002),
	(14, 1016, '2017-09-29', '12:22:06', 1002),
	(15, 1016, '2017-09-29', '12:49:17', 1002),
	(16, 1016, '2017-10-01', '07:10:39', 1002),
	(17, 1006, '2017-10-03', '12:14:13', 1002),
	(18, 1006, '2017-10-03', '12:14:13', 1002),
	(19, 1016, '2017-10-03', '12:16:23', 1002),
	(20, 1006, '2017-10-03', '12:28:39', 1002),
	(21, 1016, '2017-10-03', '12:28:50', 1002),
	(22, 1016, '2017-10-03', '12:31:24', 1002),
	(23, 1016, '2017-10-03', '12:32:28', 1002),
	(24, 1006, '2017-10-03', '12:34:40', 1002),
	(25, 1016, '2017-10-03', '12:34:58', 1002),
	(26, 1006, '2017-10-03', '07:03:35', 1002),
	(27, 1006, '2017-10-03', '11:38:59', 1002);
/*!40000 ALTER TABLE `tbl_monitor_main` ENABLE KEYS */;

-- Dumping structure for table db_sungem.tbl_notifications
CREATE TABLE IF NOT EXISTS `tbl_notifications` (
  `n_id` bigint(20) unsigned NOT NULL AUTO_INCREMENT,
  `n_date_added` date NOT NULL DEFAULT '0000-00-00',
  `n_time_added` time NOT NULL DEFAULT '00:00:00',
  `n_title` varchar(255) NOT NULL DEFAULT '',
  `n_subject` varchar(255) NOT NULL DEFAULT '',
  `n_message` longtext NOT NULL,
  `n_status` int(1) NOT NULL DEFAULT '0',
  `client_id` int(4) NOT NULL DEFAULT '0',
  PRIMARY KEY (`n_id`),
  KEY `client_id` (`client_id`)
) ENGINE=MyISAM AUTO_INCREMENT=5000000007 DEFAULT CHARSET=latin1;

-- Dumping data for table db_sungem.tbl_notifications: 4 rows
/*!40000 ALTER TABLE `tbl_notifications` DISABLE KEYS */;
INSERT INTO `tbl_notifications` (`n_id`, `n_date_added`, `n_time_added`, `n_title`, `n_subject`, `n_message`, `n_status`, `client_id`) VALUES
	(5000000003, '2017-09-01', '12:00:00', 'Order Received', '', 'We have received your order.', 1, 1016),
	(5000000004, '2017-08-20', '16:45:00', 'SungemPharma', 'Delivery', 'Your items are ready for delivery.', 1, 1016),
	(5000000005, '2017-08-20', '16:45:00', 'SungemPharma', 'Delivery', 'Your items are ready for delivery.', 1, 1016),
	(5000000006, '2017-10-17', '11:03:22', 'Approved Order', 'Order Update', 'Your order with Order No.1000000128 has been approved by Sungem Pharma. The order is being processed for delivery as of the moment. Thank you.', 0, 1018);
/*!40000 ALTER TABLE `tbl_notifications` ENABLE KEYS */;

-- Dumping structure for table db_sungem.tbl_order
CREATE TABLE IF NOT EXISTS `tbl_order` (
  `order_id` int(10) unsigned NOT NULL AUTO_INCREMENT,
  `order_date` date NOT NULL DEFAULT '0000-00-00',
  `order_time` time NOT NULL DEFAULT '00:00:00',
  `total_amount` double(10,2) NOT NULL DEFAULT '0.00',
  `term_id` int(2) NOT NULL DEFAULT '0',
  `ordtype_id` int(2) NOT NULL DEFAULT '0',
  `client_id` int(4) NOT NULL DEFAULT '0',
  `date_modified` date NOT NULL DEFAULT '0000-00-00',
  `time_modified` time NOT NULL DEFAULT '00:00:00',
  `status` int(2) NOT NULL DEFAULT '0',
  `usr_id` int(4) NOT NULL DEFAULT '0',
  PRIMARY KEY (`order_id`),
  KEY `term_id` (`term_id`),
  KEY `ordtype_id` (`ordtype_id`),
  KEY `client_id` (`client_id`),
  KEY `usr_id` (`usr_id`)
) ENGINE=MyISAM AUTO_INCREMENT=1000000130 DEFAULT CHARSET=latin1;

-- Dumping data for table db_sungem.tbl_order: 110 rows
/*!40000 ALTER TABLE `tbl_order` DISABLE KEYS */;
INSERT INTO `tbl_order` (`order_id`, `order_date`, `order_time`, `total_amount`, `term_id`, `ordtype_id`, `client_id`, `date_modified`, `time_modified`, `status`, `usr_id`) VALUES
	(1000000013, '2017-06-16', '15:53:55', 395.00, 10, 10, 1012, '2017-10-06', '04:32:45', 3, 1002),
	(1000000025, '2017-07-09', '23:46:30', 2000.00, 10, 10, 1008, '2017-07-27', '17:53:35', 3, 1002),
	(1000000012, '2017-06-13', '12:36:30', 7900.00, 10, 10, 1001, '2017-10-06', '04:32:51', 3, 1002),
	(1000000014, '2017-06-27', '08:38:41', 7960.00, 11, 10, 1004, '2017-06-29', '02:10:43', 3, 1002),
	(1000000015, '2017-06-29', '02:42:30', 165.00, 10, 10, 1002, '2017-10-06', '04:32:57', 3, 1002),
	(1000000016, '2017-06-29', '02:45:16', 7920.20, 12, 10, 1005, '2017-07-09', '18:01:10', 3, 1002),
	(1000000024, '2017-07-04', '00:12:41', 3184.00, 10, 10, 1005, '2017-09-30', '14:30:44', 3, 1002),
	(1000000020, '2017-07-04', '00:07:49', 796.00, 10, 10, 1005, '2017-09-30', '14:30:54', 3, 1002),
	(1000000021, '2017-07-04', '00:09:24', 5970.00, 10, 10, 1005, '2017-07-13', '03:03:35', 3, 1002),
	(1000000110, '2017-09-13', '14:20:32', 1830.80, 10, 10, 1008, '2017-10-07', '00:48:24', 2, 1002),
	(1000000023, '2017-07-04', '00:12:00', 32.00, 10, 10, 1005, '2017-10-07', '01:09:21', 3, 1002),
	(1000000026, '2017-07-09', '23:47:19', 247.50, 10, 10, 1008, '2017-07-11', '11:46:43', 3, 1002),
	(1000000027, '2017-07-10', '13:23:45', 8163.50, 12, 10, 1020, '2017-10-07', '01:07:37', 2, 1002),
	(1000000028, '2017-07-10', '13:25:01', 796.00, 12, 11, 1008, '2017-07-10', '13:27:54', 3, 1002),
	(1000000029, '2017-07-10', '13:30:23', 716.40, 11, 11, 1008, '2017-07-10', '13:31:17', 3, 1002),
	(1000000030, '2017-07-10', '13:33:32', 398.00, 13, 11, 1008, '2017-07-10', '13:34:22', 3, 1002),
	(1000000031, '2017-07-12', '23:17:22', 3980.00, 13, 11, 1016, '2017-07-12', '23:19:50', 3, 1002),
	(1000000032, '2017-07-12', '23:17:37', 4776.00, 13, 11, 1013, '2017-09-24', '21:25:05', 3, 1002),
	(1000000033, '2017-07-16', '23:25:59', 10697.00, 13, 11, 1012, '2017-09-30', '14:30:39', 3, 1002),
	(1000000034, '2017-07-21', '01:22:10', 110.00, 10, 10, 1008, '2017-10-07', '01:56:03', 4, 1002),
	(1000000035, '2017-07-25', '22:32:42', 1990.00, 13, 11, 1008, '2017-07-27', '17:48:08', 3, 1002),
	(1000000036, '2017-07-27', '19:00:57', 3980.00, 13, 11, 1006, '2017-07-27', '19:02:36', 3, 1002),
	(1000000037, '2017-07-27', '19:01:07', 5970.00, 13, 11, 1008, '0000-00-00', '00:00:00', 1, 0),
	(1000000038, '2017-07-27', '19:01:20', 3184.00, 13, 11, 1008, '2017-08-03', '03:30:46', 3, 1002),
	(1000000039, '2017-07-27', '19:01:51', 5970.00, 13, 11, 1006, '2017-07-27', '19:03:00', 3, 1002),
	(1000000040, '2017-07-27', '19:02:08', 3024.80, 13, 11, 1006, '2017-07-31', '10:31:51', 3, 1002),
	(1000000041, '2017-08-02', '03:45:39', 4200.00, 11, 10, 1008, '2017-10-06', '04:32:09', 3, 1002),
	(1000000042, '2017-08-02', '04:06:33', 8960.00, 13, 11, 1008, '0000-00-00', '00:00:00', 1, 0),
	(1000000043, '2017-08-02', '04:07:08', 7960.00, 13, 11, 1011, '2017-09-30', '14:30:50', 3, 1002),
	(1000000044, '2017-08-02', '04:14:46', 330.00, 11, 10, 1008, '2017-09-28', '23:15:59', 3, 1002),
	(1000000045, '2017-08-02', '04:16:39', 10800.00, 12, 10, 1017, '2017-08-02', '04:17:28', 3, 1002),
	(1000000046, '2017-08-02', '04:21:47', 1000.00, 12, 10, 1008, '2017-08-02', '04:22:06', 3, 1002),
	(1000000047, '2017-08-04', '03:10:56', 796.00, 13, 11, 1001, '2017-08-04', '03:12:02', 3, 1002),
	(1000000048, '2017-08-04', '03:12:49', 796.00, 12, 10, 1001, '2017-09-24', '22:32:07', 3, 1002),
	(1000000049, '2017-08-06', '19:07:53', 5970.00, 11, 10, 1016, '2017-08-06', '19:08:55', 3, 1002),
	(1000000050, '2017-08-06', '19:09:25', 1890.50, 10, 10, 1001, '2017-08-06', '19:09:56', 3, 1002),
	(1000000051, '2017-08-15', '20:17:28', 10800.00, 11, 10, 1016, '2017-08-15', '20:18:08', 3, 1002),
	(1000000053, '2017-08-24', '22:11:29', 4805.00, 13, 11, 1020, '2017-09-30', '14:31:01', 3, 1002),
	(1000000054, '2017-08-24', '22:19:01', 2078.00, 13, 11, 1020, '2017-09-30', '14:31:06', 3, 1002),
	(1000000055, '2017-08-24', '22:22:06', 55.00, 10, 10, 1020, '2017-10-04', '22:08:17', 3, 1002),
	(1000000056, '2017-08-24', '22:25:29', 220.00, 13, 11, 1019, '2017-10-06', '04:32:03', 3, 1002),
	(1000000057, '2017-09-02', '13:54:06', 1890.50, 10, 10, 1008, '2017-09-28', '23:23:42', 3, 1002),
	(1000000058, '2017-09-02', '15:18:45', 1990.00, 10, 10, 1016, '2017-09-02', '15:19:17', 3, 1002),
	(1000000059, '2017-09-02', '15:20:24', 1592.00, 10, 10, 1016, '2017-09-02', '15:20:41', 3, 1002),
	(1000000060, '2017-09-02', '15:21:50', 796.00, 10, 10, 1016, '2017-09-02', '15:22:09', 3, 1002),
	(1000000061, '2017-09-02', '15:31:27', 796.00, 10, 10, 1016, '2017-09-02', '15:32:31', 3, 1002),
	(1000000062, '2017-09-02', '15:33:05', 796.00, 10, 10, 1016, '2017-09-02', '15:33:17', 3, 1002),
	(1000000063, '2017-09-03', '10:18:42', 796.00, 10, 10, 1016, '2017-09-03', '10:18:58', 3, 1002),
	(1000000064, '2017-09-03', '10:20:33', 796.00, 10, 10, 1016, '2017-09-03', '10:20:58', 3, 1002),
	(1000000065, '2017-09-03', '10:23:22', 796.00, 13, 11, 1016, '2017-09-03', '10:23:40', 3, 1002),
	(1000000066, '2017-09-03', '10:31:51', 796.00, 10, 10, 1016, '2017-09-03', '10:32:05', 3, 1002),
	(1000000067, '2017-09-03', '10:33:24', 398.00, 10, 10, 1016, '2017-09-03', '10:33:49', 3, 1002),
	(1000000068, '2017-09-03', '10:37:08', 398.00, 10, 10, 1016, '2017-09-03', '10:38:08', 3, 1002),
	(1000000069, '2017-09-03', '10:37:44', 123.00, 10, 10, 1016, '0000-00-00', '00:00:00', 1, 0),
	(1000000070, '2017-09-03', '10:39:17', 398.00, 10, 10, 1016, '2017-09-03', '10:39:30', 3, 1002),
	(1000000071, '2017-09-03', '10:53:28', 398.00, 10, 10, 1016, '2017-09-03', '10:53:49', 3, 1002),
	(1000000072, '2017-09-03', '10:55:14', 398.00, 10, 10, 1016, '2017-09-03', '10:56:37', 3, 1002),
	(1000000073, '2017-09-03', '11:04:36', 394.02, 10, 10, 1016, '2017-09-28', '22:37:20', 3, 1002),
	(1000000074, '2017-09-03', '11:08:35', 398.00, 10, 10, 1016, '2017-09-28', '20:38:57', 3, 1002),
	(1000000075, '2017-09-03', '11:16:21', 398.00, 10, 10, 1016, '2017-09-28', '22:40:31', 3, 1002),
	(1000000076, '2017-09-03', '11:18:47', 398.00, 10, 10, 1016, '2017-09-28', '22:52:26', 3, 1002),
	(1000000077, '2017-09-03', '11:20:24', 398.00, 10, 10, 1016, '2017-09-28', '23:10:48', 3, 1002),
	(1000000078, '2017-09-03', '11:21:10', 398.00, 10, 10, 1016, '2017-09-03', '11:21:59', 3, 1002),
	(1000000079, '2017-09-03', '11:24:37', 398.00, 10, 10, 1016, '2017-09-29', '14:59:25', 3, 1002),
	(1000000080, '2017-09-03', '11:26:22', 398.00, 10, 10, 1016, '2017-10-02', '01:47:47', 3, 1002),
	(1000000081, '2017-09-03', '11:27:42', 398.00, 10, 10, 1016, '2017-09-30', '13:36:17', 3, 1002),
	(1000000082, '2017-09-03', '11:29:46', 398.00, 10, 10, 1016, '2017-09-03', '11:31:06', 3, 1002),
	(1000000083, '2017-09-03', '11:40:30', 398.00, 10, 10, 1016, '2017-09-03', '11:40:49', 3, 1002),
	(1000000084, '2017-09-03', '11:41:46', 398.00, 10, 10, 1016, '2017-09-30', '11:55:02', 3, 1002),
	(1000000085, '2017-09-03', '11:42:49', 398.00, 10, 10, 1016, '2017-09-30', '12:32:22', 3, 1002),
	(1000000086, '2017-09-03', '11:46:37', 123.00, 10, 10, 1008, '0000-00-00', '00:00:00', 1, 0),
	(1000000087, '2017-09-03', '11:47:50', 398.00, 10, 10, 1016, '2017-09-30', '14:20:57', 3, 1002),
	(1000000088, '2017-09-03', '11:57:52', 398.00, 10, 10, 1016, '2017-09-30', '14:31:12', 3, 1002),
	(1000000089, '2017-09-03', '12:00:08', 398.00, 10, 10, 1016, '2017-09-30', '14:31:23', 3, 1002),
	(1000000090, '2017-09-03', '12:02:15', 398.00, 10, 10, 1016, '2017-09-30', '14:31:17', 3, 1002),
	(1000000091, '2017-09-03', '12:05:54', 398.00, 10, 10, 1016, '2017-09-30', '14:31:34', 3, 1002),
	(1000000092, '2017-09-03', '12:06:52', 398.00, 10, 10, 1016, '2017-09-30', '14:31:29', 3, 1002),
	(1000000128, '2017-10-11', '01:06:43', 11300.00, 10, 10, 1018, '2017-10-17', '11:03:22', 1, 1002),
	(1000000113, '2017-09-24', '21:34:01', 5970.00, 10, 10, 1018, '0000-00-00', '00:00:00', 1, 0),
	(1000000096, '2017-09-03', '12:09:33', 398.00, 10, 10, 1016, '2017-09-30', '14:31:39', 3, 1002),
	(1000000097, '2017-09-03', '12:18:48', 398.00, 10, 10, 1016, '2017-09-30', '14:31:43', 3, 1002),
	(1000000098, '2017-09-03', '12:21:29', 398.00, 10, 10, 1016, '2017-09-30', '14:31:47', 3, 1002),
	(1000000099, '2017-09-03', '12:32:27', 398.00, 10, 10, 1016, '2017-09-30', '16:09:58', 3, 1002),
	(1000000100, '2017-09-09', '00:47:32', 7960.00, 13, 11, 1010, '2017-09-09', '00:47:46', 3, 1002),
	(1000000101, '2017-09-11', '15:06:47', 1194.00, 10, 10, 1008, '2017-10-06', '04:32:19', 3, 1002),
	(1000000102, '2017-09-11', '15:08:00', 1990.00, 10, 10, 1016, '2017-09-30', '14:31:52', 3, 1002),
	(1000000103, '2017-09-13', '05:39:57', 10800.00, 13, 11, 1006, '2017-09-13', '05:43:31', 3, 1002),
	(1000000104, '2017-09-13', '05:40:58', 4085.00, 13, 11, 1008, '0000-00-00', '00:00:00', 1, 0),
	(1000000105, '2017-09-13', '05:43:11', 7810.00, 13, 11, 1016, '2017-09-30', '14:32:04', 3, 1002),
	(1000000106, '2017-09-13', '05:47:52', 18250.00, 13, 11, 1006, '2017-10-04', '00:55:39', 3, 1002),
	(1000000107, '2017-09-13', '13:13:30', 3600.00, 10, 10, 1016, '2017-10-04', '20:49:28', 3, 1002),
	(1000000108, '2017-09-13', '13:15:01', 1990.00, 13, 11, 1016, '2017-09-30', '14:32:13', 3, 1002),
	(1000000109, '2017-09-13', '14:16:11', 2236.00, 13, 11, 1018, '2017-10-06', '04:32:14', 3, 1002),
	(1000000111, '2017-09-13', '14:21:01', 1990.00, 10, 10, 1008, '0000-00-00', '00:00:00', 1, 0),
	(1000000112, '2017-09-15', '13:54:56', 5590.00, 10, 10, 1008, '2017-10-06', '04:32:28', 3, 1002),
	(1000000114, '2017-09-30', '16:28:10', 22360.00, 13, 11, 1016, '2017-09-30', '16:28:57', 3, 1002),
	(1000000115, '2017-10-01', '19:07:49', 110.00, 13, 11, 1008, '0000-00-00', '00:00:00', 1, 0),
	(1000000116, '2017-10-01', '19:08:35', 900.00, 13, 11, 1016, '2017-10-01', '19:09:20', 3, 1002),
	(1000000117, '2017-10-02', '02:02:00', 790.00, 10, 10, 1010, '2017-10-02', '02:02:33', 3, 1002),
	(1000000118, '2017-10-04', '01:03:39', 2040.00, 13, 11, 1006, '2017-10-04', '01:05:10', 3, 1002),
	(1000000119, '2017-10-04', '14:08:01', 1660.00, 13, 11, 1016, '2017-10-04', '14:10:06', 3, 1002),
	(1000000120, '2017-10-04', '20:25:18', 55.00, 13, 11, 1016, '2017-10-04', '20:25:54', 3, 1002),
	(1000000121, '2017-10-04', '20:47:43', 500.00, 13, 11, 1006, '2017-10-04', '20:48:31', 3, 1002),
	(1000000122, '2017-10-04', '20:54:05', 1990.00, 10, 10, 1006, '2017-10-06', '04:32:35', 3, 1002),
	(1000000123, '2017-10-05', '02:47:46', 550.00, 10, 10, 1017, '2017-10-06', '04:32:40', 3, 1002),
	(1000000124, '2017-10-05', '05:24:18', 1790.00, 10, 10, 1016, '2017-10-05', '15:54:44', 3, 1002),
	(1000000125, '2017-10-07', '01:01:58', 460.00, 13, 11, 1003, '2017-10-07', '01:03:40', 2, 1002),
	(1000000126, '2017-10-07', '02:42:23', 800.00, 13, 11, 1008, '2017-10-07', '02:43:20', 4, 1002),
	(1000000127, '2017-10-07', '02:43:33', 800.00, 13, 11, 1011, '2017-10-07', '02:45:12', 3, 1002),
	(1000000129, '2017-10-17', '11:04:00', 7960.00, 10, 10, 1008, '0000-00-00', '00:00:00', 0, 0);
/*!40000 ALTER TABLE `tbl_order` ENABLE KEYS */;

-- Dumping structure for table db_sungem.tbl_orditem
CREATE TABLE IF NOT EXISTS `tbl_orditem` (
  `orditem_id` int(10) unsigned NOT NULL AUTO_INCREMENT,
  `order_id` int(10) NOT NULL DEFAULT '0',
  `pro_id` int(5) NOT NULL DEFAULT '0',
  `lot_id` int(10) NOT NULL DEFAULT '0',
  `qty_total` int(5) NOT NULL DEFAULT '0',
  `qty_delivery` int(5) NOT NULL DEFAULT '0',
  `qty_sold` int(5) NOT NULL DEFAULT '0',
  `qty_remaining` int(5) NOT NULL DEFAULT '0',
  `qty_withdrawn` int(5) NOT NULL DEFAULT '0',
  `subtotal` double(10,2) NOT NULL DEFAULT '0.00',
  `discount` double(10,2) NOT NULL DEFAULT '0.00',
  `total` double(10,2) NOT NULL DEFAULT '0.00',
  `date_added` date NOT NULL DEFAULT '0000-00-00',
  `time_added` time NOT NULL DEFAULT '00:00:00',
  `date_modified` date NOT NULL DEFAULT '0000-00-00',
  `time_modified` time NOT NULL DEFAULT '00:00:00',
  `usr_id` int(4) NOT NULL DEFAULT '0',
  PRIMARY KEY (`orditem_id`),
  KEY `prod_id` (`pro_id`),
  KEY `order_id` (`order_id`),
  KEY `usr_id` (`usr_id`),
  KEY `lot_id` (`lot_id`)
) ENGINE=MyISAM AUTO_INCREMENT=165 DEFAULT CHARSET=latin1;

-- Dumping data for table db_sungem.tbl_orditem: 140 rows
/*!40000 ALTER TABLE `tbl_orditem` DISABLE KEYS */;
INSERT INTO `tbl_orditem` (`orditem_id`, `order_id`, `pro_id`, `lot_id`, `qty_total`, `qty_delivery`, `qty_sold`, `qty_remaining`, `qty_withdrawn`, `subtotal`, `discount`, `total`, `date_added`, `time_added`, `date_modified`, `time_modified`, `usr_id`) VALUES
	(12, 1000000012, 10008, 1000000096, 20, 20, 20, 0, 0, 3080.00, 0.00, 3080.00, '2017-06-13', '12:36:30', '2017-10-06', '04:11:46', 1002),
	(11, 1000000012, 10004, 1000000100, 20, 20, 20, 0, 0, 4600.00, 0.00, 4600.00, '2017-06-13', '12:36:30', '2017-10-06', '04:11:46', 1002),
	(33, 1000000026, 10101, 1000000004, 10, 10, 10, 0, 0, 110.00, 11.00, 99.00, '2017-07-09', '23:47:19', '2017-07-11', '11:46:43', 1002),
	(32, 1000000025, 10100, 1000000008, 20, 20, 15, 0, 5, 2000.00, 0.00, 2000.00, '2017-07-09', '23:46:30', '2017-10-11', '00:15:45', 1002),
	(14, 1000000013, 10004, 1000000100, 1, 1, 1, 0, 0, 230.00, 0.00, 230.00, '2017-06-16', '15:53:55', '2017-10-06', '03:56:45', 1002),
	(13, 1000000012, 10003, 1000000061, 20, 20, 20, 0, 0, 220.00, 0.00, 220.00, '2017-06-13', '12:36:30', '2017-10-06', '04:11:46', 1002),
	(15, 1000000013, 10008, 1000000096, 1, 1, 1, 0, 0, 154.00, 0.00, 154.00, '2017-06-16', '15:53:55', '2017-10-06', '03:56:45', 1002),
	(16, 1000000013, 10003, 1000000061, 1, 1, 1, 0, 0, 11.00, 0.00, 11.00, '2017-06-16', '15:53:55', '2017-10-06', '03:56:45', 1002),
	(19, 1000000015, 10101, 1000000006, 15, 15, 15, 0, 0, 165.00, 0.00, 165.00, '2017-06-29', '02:42:30', '2017-10-06', '04:25:22', 1002),
	(17, 1000000014, 10039, 1000000001, 20, 20, 0, 20, 0, 7960.00, 0.00, 7960.00, '2017-06-27', '08:38:41', '2017-06-29', '02:10:43', 1002),
	(20, 1000000016, 10039, 1000000005, 17, 17, 0, 0, 17, 6766.00, 0.00, 6766.00, '2017-06-29', '02:45:16', '2017-07-27', '17:44:27', 1002),
	(28, 1000000024, 10039, 1000000009, 8, 8, 8, 0, 0, 3184.00, 0.00, 3184.00, '2017-07-04', '00:12:41', '2017-08-02', '03:41:14', 1002),
	(24, 1000000020, 10039, 1000000005, 2, 2, 2, 0, 0, 796.00, 0.00, 796.00, '2017-07-04', '00:07:49', '2017-08-04', '19:16:28', 1002),
	(25, 1000000021, 10039, 1000000001, 15, 15, 15, 0, 0, 5970.00, 0.00, 5970.00, '2017-07-04', '00:09:24', '2017-07-13', '03:03:35', 1002),
	(138, 1000000110, 10039, 1000000011, 5, 4, 4, 0, 0, 1990.00, 159.20, 1830.80, '2017-09-13', '14:20:32', '2017-10-07', '00:48:24', 1002),
	(27, 1000000023, 10113, 1000000019, 2, 2, 2, 0, 0, 32.00, 0.00, 32.00, '2017-07-04', '00:12:00', '2017-10-07', '01:09:00', 1002),
	(31, 1000000016, 10039, 1000000001, 3, 3, 1, 0, 2, 1194.00, 39.80, 1154.20, '2017-07-09', '18:01:10', '2017-07-31', '10:23:20', 1002),
	(34, 1000000027, 10039, 1000000011, 20, 15, 15, 0, 0, 7960.00, 0.00, 7960.00, '2017-07-10', '13:23:45', '2017-10-07', '00:49:40', 1002),
	(35, 1000000027, 10102, 1000000015, 20, 15, 15, 0, 0, 220.00, 16.50, 203.50, '2017-07-10', '13:23:45', '2017-10-07', '00:49:40', 1002),
	(36, 1000000028, 10039, 1000000001, 1, 1, 1, 0, 0, 398.00, 0.00, 398.00, '2017-07-10', '13:25:01', '2017-07-10', '13:27:54', 1002),
	(37, 1000000028, 10039, 1000000005, 1, 1, 1, 0, 0, 398.00, 0.00, 398.00, '2017-07-10', '13:27:54', '0000-00-00', '00:00:00', 1002),
	(38, 1000000029, 10039, 1000000001, 1, 1, 1, 0, 0, 398.00, 39.80, 358.20, '2017-07-10', '13:30:23', '2017-07-10', '13:31:17', 1002),
	(39, 1000000029, 10039, 1000000005, 1, 1, 1, 0, 0, 398.00, 39.80, 358.20, '2017-07-10', '13:31:17', '0000-00-00', '00:00:00', 1002),
	(40, 1000000030, 10039, 1000000005, 1, 1, 0, 1, 0, 398.00, 0.00, 398.00, '2017-07-10', '13:33:32', '2017-07-10', '13:34:22', 1002),
	(41, 1000000026, 10101, 1000000006, 15, 15, 15, 0, 0, 165.00, 16.50, 148.50, '2017-07-11', '11:46:43', '0000-00-00', '00:00:00', 1002),
	(42, 1000000031, 10039, 1000000001, 10, 10, 3, 0, 7, 3980.00, 0.00, 3980.00, '2017-07-12', '23:17:22', '2017-09-03', '12:44:33', 1002),
	(43, 1000000032, 10039, 1000000001, 12, 12, 0, 12, 0, 4776.00, 0.00, 4776.00, '2017-07-12', '23:17:37', '2017-07-12', '23:19:27', 1002),
	(44, 1000000033, 10039, 1000000001, 20, 20, 0, 20, 0, 7960.00, 398.00, 7562.00, '2017-07-16', '23:25:59', '2017-07-17', '00:04:06', 1002),
	(45, 1000000033, 10058, 1000000003, 20, 20, 0, 20, 0, 3300.00, 165.00, 3135.00, '2017-07-16', '23:25:59', '2017-07-17', '00:04:06', 1002),
	(46, 1000000034, 10003, 0, 10, 0, 0, 0, 0, 110.00, 0.00, 110.00, '2017-07-21', '01:22:10', '0000-00-00', '00:00:00', 0),
	(47, 1000000035, 10039, 1000000007, 2, 2, 0, 2, 0, 796.00, 0.00, 796.00, '2017-07-25', '22:32:42', '2017-07-27', '17:48:08', 1002),
	(48, 1000000035, 10039, 1000000001, 3, 3, 3, 0, 0, 1194.00, 0.00, 1194.00, '2017-07-27', '17:48:08', '0000-00-00', '00:00:00', 1002),
	(49, 1000000036, 10039, 1000000007, 10, 10, 0, 0, 10, 3980.00, 0.00, 3980.00, '2017-07-27', '19:00:57', '2017-07-27', '21:32:18', 1002),
	(50, 1000000037, 10039, 0, 15, 0, 0, 0, 0, 5970.00, 0.00, 5970.00, '2017-07-27', '19:01:07', '0000-00-00', '00:00:00', 0),
	(51, 1000000038, 10039, 1000000005, 8, 8, 0, 8, 0, 3184.00, 0.00, 3184.00, '2017-07-27', '19:01:20', '2017-08-03', '03:30:46', 1002),
	(52, 1000000039, 10039, 1000000007, 15, 15, 4, 0, 11, 5970.00, 0.00, 5970.00, '2017-07-27', '19:01:51', '2017-09-02', '13:47:54', 1002),
	(53, 1000000040, 10039, 1000000001, 8, 8, 1, 0, 7, 3184.00, 159.20, 3024.80, '2017-07-27', '19:02:08', '2017-09-02', '13:51:26', 1002),
	(54, 1000000041, 10039, 1000000001, 1, 1, 1, 0, 0, 398.00, 0.00, 398.00, '2017-08-02', '03:45:39', '2017-09-02', '14:02:32', 1002),
	(55, 1000000041, 10102, 1000000015, 20, 20, 20, 0, 0, 220.00, 0.00, 220.00, '2017-08-02', '03:45:39', '2017-09-02', '14:02:32', 1002),
	(56, 1000000042, 10039, 0, 20, 0, 0, 0, 0, 7960.00, 0.00, 7960.00, '2017-08-02', '04:06:33', '0000-00-00', '00:00:00', 0),
	(57, 1000000042, 10099, 0, 10, 0, 0, 0, 0, 1000.00, 0.00, 1000.00, '2017-08-02', '04:06:33', '0000-00-00', '00:00:00', 0),
	(58, 1000000043, 10039, 1000000009, 20, 20, 0, 20, 0, 7960.00, 0.00, 7960.00, '2017-08-02', '04:07:08', '2017-08-02', '04:07:41', 1002),
	(59, 1000000044, 10101, 1000000004, 30, 30, 30, 0, 0, 330.00, 0.00, 330.00, '2017-08-02', '04:14:46', '2017-08-02', '04:15:03', 1002),
	(60, 1000000045, 10076, 1000000002, 12, 12, 12, 0, 0, 8640.00, 0.00, 8640.00, '2017-08-02', '04:16:39', '2017-08-02', '04:17:28', 1002),
	(61, 1000000045, 10076, 1000000010, 3, 3, 3, 0, 0, 2160.00, 0.00, 2160.00, '2017-08-02', '04:17:28', '0000-00-00', '00:00:00', 1002),
	(62, 1000000046, 10085, 1000000012, 20, 20, 18, 0, 2, 1000.00, 0.00, 1000.00, '2017-08-02', '04:21:47', '2017-08-02', '14:22:32', 1002),
	(63, 1000000047, 10039, 1000000001, 2, 2, 0, 0, 2, 796.00, 0.00, 796.00, '2017-08-04', '03:10:56', '2017-10-11', '00:27:56', 1002),
	(64, 1000000048, 10039, 1000000009, 2, 2, 2, 0, 0, 796.00, 0.00, 796.00, '2017-08-04', '03:12:49', '2017-08-04', '03:13:03', 1002),
	(65, 1000000049, 10039, 1000000007, 10, 10, 10, 0, 0, 3980.00, 0.00, 3980.00, '2017-08-06', '19:07:53', '2017-08-06', '19:08:55', 1002),
	(66, 1000000049, 10039, 1000000011, 5, 5, 5, 0, 0, 1990.00, 0.00, 1990.00, '2017-08-06', '19:08:55', '0000-00-00', '00:00:00', 1002),
	(67, 1000000050, 10039, 1000000001, 5, 5, 5, 0, 0, 1990.00, 99.50, 1890.50, '2017-08-06', '19:09:25', '2017-08-06', '19:09:56', 1002),
	(68, 1000000051, 10076, 1000000010, 15, 15, 3, 0, 12, 10800.00, 0.00, 10800.00, '2017-08-15', '20:17:28', '2017-09-13', '14:14:11', 1002),
	(72, 1000000053, 10058, 1000000003, 5, 5, 0, 5, 0, 825.00, 0.00, 825.00, '2017-08-24', '22:11:29', '2017-08-24', '22:12:03', 1002),
	(71, 1000000053, 10039, 1000000009, 10, 10, 0, 10, 0, 3980.00, 0.00, 3980.00, '2017-08-24', '22:11:29', '2017-08-24', '22:12:03', 1002),
	(73, 1000000054, 10039, 1000000011, 5, 5, 0, 0, 5, 1990.00, 0.00, 1990.00, '2017-08-24', '22:19:01', '2017-09-21', '20:56:37', 1003),
	(74, 1000000054, 10102, 1000000015, 8, 8, 0, 5, 3, 88.00, 0.00, 88.00, '2017-08-24', '22:19:01', '2017-08-24', '22:24:16', 1002),
	(75, 1000000055, 10102, 1000000015, 5, 5, 5, 0, 0, 55.00, 0.00, 55.00, '2017-08-24', '22:22:06', '2017-08-24', '22:22:17', 1002),
	(76, 1000000056, 10102, 1000000015, 20, 20, 0, 20, 0, 220.00, 0.00, 220.00, '2017-08-24', '22:25:29', '2017-08-24', '22:25:43', 1002),
	(77, 1000000057, 10039, 1000000001, 5, 5, 5, 0, 0, 1990.00, 99.50, 1890.50, '2017-09-02', '13:54:06', '2017-09-02', '13:54:27', 1002),
	(78, 1000000041, 10039, 1000000011, 2, 2, 2, 0, 0, 796.00, 0.00, 796.00, '2017-09-02', '14:02:32', '0000-00-00', '00:00:00', 1002),
	(79, 1000000041, 10039, 1000000009, 7, 7, 7, 0, 0, 2786.00, 0.00, 2786.00, '2017-09-02', '14:02:32', '0000-00-00', '00:00:00', 1002),
	(80, 1000000058, 10039, 1000000007, 5, 5, 5, 0, 0, 1990.00, 0.00, 1990.00, '2017-09-02', '15:18:45', '2017-09-02', '15:19:17', 1002),
	(81, 1000000059, 10039, 1000000001, 4, 4, 4, 0, 0, 1592.00, 0.00, 1592.00, '2017-09-02', '15:20:24', '2017-09-02', '15:20:41', 1002),
	(82, 1000000060, 10039, 1000000005, 2, 2, 2, 0, 0, 796.00, 0.00, 796.00, '2017-09-02', '15:21:50', '2017-09-02', '15:22:09', 1002),
	(83, 1000000061, 10039, 1000000005, 2, 2, 2, 0, 0, 796.00, 0.00, 796.00, '2017-09-02', '15:31:27', '2017-09-02', '15:32:31', 1002),
	(84, 1000000062, 10039, 1000000007, 2, 2, 2, 0, 0, 796.00, 0.00, 796.00, '2017-09-02', '15:33:05', '2017-09-02', '15:33:17', 1002),
	(85, 1000000063, 10039, 1000000001, 2, 2, 2, 0, 0, 796.00, 0.00, 796.00, '2017-09-03', '10:18:42', '2017-09-03', '10:18:58', 1002),
	(86, 1000000064, 10039, 1000000011, 2, 2, 2, 0, 0, 796.00, 0.00, 796.00, '2017-09-03', '10:20:33', '2017-09-03', '10:20:58', 1002),
	(87, 1000000065, 10039, 1000000011, 2, 2, 1, 0, 1, 796.00, 0.00, 796.00, '2017-09-03', '10:23:22', '2017-09-03', '12:42:09', 1002),
	(88, 1000000066, 10039, 1000000007, 2, 2, 2, 0, 0, 796.00, 0.00, 796.00, '2017-09-03', '10:31:51', '2017-09-03', '10:32:05', 1002),
	(89, 1000000067, 10039, 1000000007, 1, 1, 1, 0, 0, 398.00, 0.00, 398.00, '2017-09-03', '10:33:24', '2017-09-03', '10:33:49', 1002),
	(90, 1000000068, 10039, 1000000011, 1, 1, 1, 0, 0, 398.00, 0.00, 398.00, '2017-09-03', '10:37:08', '2017-09-03', '10:38:08', 1002),
	(91, 1000000069, 10120, 0, 1, 0, 0, 0, 0, 123.00, 0.00, 123.00, '2017-09-03', '10:37:44', '0000-00-00', '00:00:00', 0),
	(92, 1000000070, 10039, 1000000001, 1, 1, 1, 0, 0, 398.00, 0.00, 398.00, '2017-09-03', '10:39:17', '2017-09-03', '10:39:30', 1002),
	(93, 1000000071, 10039, 1000000005, 1, 1, 1, 0, 0, 398.00, 0.00, 398.00, '2017-09-03', '10:53:28', '2017-09-03', '10:53:49', 1002),
	(94, 1000000072, 10039, 1000000005, 1, 1, 1, 0, 0, 398.00, 0.00, 398.00, '2017-09-03', '10:55:14', '2017-09-03', '10:56:37', 1002),
	(95, 1000000073, 10039, 1000000007, 1, 1, 1, 0, 0, 398.00, 3.98, 394.02, '2017-09-03', '11:04:36', '2017-09-03', '11:04:48', 1002),
	(96, 1000000074, 10039, 1000000011, 1, 1, 1, 0, 0, 398.00, 0.00, 398.00, '2017-09-03', '11:08:35', '2017-09-03', '11:08:52', 1002),
	(97, 1000000075, 10039, 1000000007, 1, 1, 1, 0, 0, 398.00, 0.00, 398.00, '2017-09-03', '11:16:21', '2017-09-03', '11:16:43', 1002),
	(98, 1000000076, 10039, 1000000007, 1, 1, 1, 0, 0, 398.00, 0.00, 398.00, '2017-09-03', '11:18:47', '2017-09-03', '11:19:06', 1002),
	(99, 1000000077, 10039, 1000000009, 1, 1, 1, 0, 0, 398.00, 0.00, 398.00, '2017-09-03', '11:20:24', '2017-09-03', '11:20:35', 1002),
	(100, 1000000078, 10039, 1000000009, 1, 1, 1, 0, 0, 398.00, 0.00, 398.00, '2017-09-03', '11:21:10', '2017-09-03', '11:21:59', 1002),
	(101, 1000000079, 10039, 1000000009, 1, 1, 1, 0, 0, 398.00, 0.00, 398.00, '2017-09-03', '11:24:37', '2017-09-03', '11:24:55', 1002),
	(102, 1000000080, 10039, 1000000011, 1, 1, 1, 0, 0, 398.00, 0.00, 398.00, '2017-09-03', '11:26:22', '2017-09-03', '11:27:04', 1002),
	(103, 1000000081, 10039, 1000000011, 1, 1, 1, 0, 0, 398.00, 0.00, 398.00, '2017-09-03', '11:27:42', '2017-09-03', '11:28:08', 1002),
	(104, 1000000082, 10039, 1000000001, 1, 1, 1, 0, 0, 398.00, 0.00, 398.00, '2017-09-03', '11:29:46', '2017-09-03', '11:31:06', 1002),
	(105, 1000000083, 10039, 1000000001, 1, 1, 1, 0, 0, 398.00, 0.00, 398.00, '2017-09-03', '11:40:30', '2017-09-03', '11:40:49', 1002),
	(106, 1000000084, 10039, 1000000001, 1, 1, 1, 0, 0, 398.00, 0.00, 398.00, '2017-09-03', '11:41:46', '2017-09-03', '11:42:07', 1002),
	(107, 1000000085, 10039, 1000000001, 1, 1, 1, 0, 0, 398.00, 0.00, 398.00, '2017-09-03', '11:42:49', '2017-09-03', '11:46:45', 1002),
	(108, 1000000086, 10120, 0, 1, 0, 0, 0, 0, 123.00, 0.00, 123.00, '2017-09-03', '11:46:37', '0000-00-00', '00:00:00', 0),
	(109, 1000000087, 10039, 1000000001, 1, 1, 1, 0, 0, 398.00, 0.00, 398.00, '2017-09-03', '11:47:50', '2017-09-03', '11:48:06', 1002),
	(110, 1000000088, 10039, 1000000001, 1, 1, 1, 0, 0, 398.00, 0.00, 398.00, '2017-09-03', '11:57:52', '2017-09-03', '11:58:00', 1002),
	(111, 1000000089, 10039, 1000000001, 1, 1, 1, 0, 0, 398.00, 0.00, 398.00, '2017-09-03', '12:00:08', '2017-09-03', '12:00:19', 1002),
	(112, 1000000090, 10039, 1000000001, 1, 1, 1, 0, 0, 398.00, 0.00, 398.00, '2017-09-03', '12:02:15', '2017-09-03', '12:02:22', 1002),
	(113, 1000000091, 10039, 1000000001, 1, 1, 1, 0, 0, 398.00, 0.00, 398.00, '2017-09-03', '12:05:54', '2017-09-03', '12:06:03', 1002),
	(114, 1000000092, 10039, 1000000001, 1, 1, 1, 0, 0, 398.00, 0.00, 398.00, '2017-09-03', '12:06:52', '2017-09-03', '12:07:41', 1002),
	(163, 1000000128, 10058, 0, 20, 0, 0, 0, 0, 3300.00, 0.00, 3300.00, '2017-10-11', '01:06:55', '0000-00-00', '00:00:00', 0),
	(162, 1000000128, 10080, 0, 10, 0, 0, 0, 0, 8000.00, 0.00, 8000.00, '2017-10-11', '01:06:55', '0000-00-00', '00:00:00', 0),
	(142, 1000000113, 10039, 0, 15, 0, 0, 0, 0, 5970.00, 0.00, 5970.00, '2017-09-24', '21:34:01', '0000-00-00', '00:00:00', 0),
	(118, 1000000096, 10039, 1000000001, 1, 1, 1, 0, 0, 398.00, 0.00, 398.00, '2017-09-03', '12:09:33', '2017-09-03', '12:09:44', 1002),
	(119, 1000000097, 10039, 1000000001, 1, 1, 1, 0, 0, 398.00, 0.00, 398.00, '2017-09-03', '12:18:48', '2017-09-03', '12:19:07', 1002),
	(120, 1000000098, 10039, 1000000001, 1, 1, 1, 0, 0, 398.00, 0.00, 398.00, '2017-09-03', '12:21:29', '2017-09-03', '12:21:36', 1002),
	(121, 1000000099, 10039, 1000000001, 1, 1, 1, 0, 0, 398.00, 0.00, 398.00, '2017-09-03', '12:32:27', '2017-09-03', '12:32:39', 1002),
	(122, 1000000100, 10039, 1000000001, 20, 20, 10, 6, 4, 7960.00, 0.00, 7960.00, '2017-09-09', '00:47:32', '2017-09-13', '05:25:10', 1002),
	(123, 1000000101, 10039, 1000000001, 3, 3, 3, 0, 0, 1194.00, 0.00, 1194.00, '2017-09-11', '15:06:47', '2017-09-11', '15:07:03', 1002),
	(124, 1000000102, 10039, 1000000001, 5, 5, 5, 0, 0, 1990.00, 0.00, 1990.00, '2017-09-11', '15:08:00', '2017-09-11', '15:08:19', 1002),
	(125, 1000000103, 10076, 1000000017, 15, 15, 15, 0, 0, 10800.00, 0.00, 10800.00, '2017-09-13', '05:39:57', '2017-09-13', '05:43:31', 1002),
	(126, 1000000104, 10113, 0, 10, 0, 0, 0, 0, 160.00, 0.00, 160.00, '2017-09-13', '05:40:58', '0000-00-00', '00:00:00', 0),
	(127, 1000000104, 10068, 0, 15, 0, 0, 0, 0, 2985.00, 0.00, 2985.00, '2017-09-13', '05:40:58', '0000-00-00', '00:00:00', 0),
	(128, 1000000104, 10090, 0, 8, 0, 0, 0, 0, 480.00, 0.00, 480.00, '2017-09-13', '05:40:58', '0000-00-00', '00:00:00', 0),
	(129, 1000000104, 10107, 0, 20, 0, 0, 0, 0, 460.00, 0.00, 460.00, '2017-09-13', '05:40:58', '0000-00-00', '00:00:00', 0),
	(130, 1000000105, 10054, 1000000021, 20, 20, 14, 3, 3, 7700.00, 0.00, 7700.00, '2017-09-13', '05:43:11', '2017-09-30', '14:37:01', 1002),
	(131, 1000000105, 10102, 1000000015, 10, 10, 9, 0, 1, 110.00, 0.00, 110.00, '2017-09-13', '05:43:11', '2017-09-13', '05:50:01', 1002),
	(132, 1000000106, 10076, 1000000017, 20, 20, 14, 5, 1, 14400.00, 0.00, 14400.00, '2017-09-13', '05:47:52', '2017-09-13', '05:48:19', 1002),
	(133, 1000000106, 10054, 1000000021, 10, 10, 10, 0, 0, 3850.00, 0.00, 3850.00, '2017-09-13', '05:47:52', '2017-09-13', '05:48:19', 1002),
	(134, 1000000107, 10076, 1000000017, 5, 5, 5, 0, 0, 3600.00, 0.00, 3600.00, '2017-09-13', '13:13:30', '2017-09-13', '13:13:45', 1002),
	(135, 1000000108, 10039, 1000000011, 5, 5, 4, 0, 1, 1990.00, 0.00, 1990.00, '2017-09-13', '13:15:01', '2017-09-21', '20:58:25', 1003),
	(136, 1000000109, 10039, 1000000011, 2, 2, 0, 0, 2, 796.00, 0.00, 796.00, '2017-09-13', '14:16:11', '2017-09-21', '20:57:34', 1003),
	(137, 1000000109, 10076, 1000000010, 2, 2, 0, 2, 0, 1440.00, 0.00, 1440.00, '2017-09-13', '14:16:11', '2017-09-13', '14:19:30', 1002),
	(139, 1000000111, 10039, 0, 5, 0, 0, 0, 0, 1990.00, 0.00, 1990.00, '2017-09-13', '14:21:01', '0000-00-00', '00:00:00', 0),
	(140, 1000000112, 10039, 1000000011, 5, 5, 5, 0, 0, 1990.00, 0.00, 1990.00, '2017-09-15', '13:54:56', '2017-09-15', '13:56:33', 1002),
	(141, 1000000112, 10076, 1000000010, 5, 5, 5, 0, 0, 3600.00, 0.00, 3600.00, '2017-09-15', '13:54:56', '2017-09-15', '13:56:33', 1002),
	(143, 1000000114, 10076, 1000000017, 20, 20, 15, 3, 2, 14400.00, 0.00, 14400.00, '2017-09-30', '16:28:10', '2017-09-30', '16:28:45', 1002),
	(144, 1000000114, 10039, 1000000048, 20, 20, 12, 6, 2, 7960.00, 0.00, 7960.00, '2017-09-30', '16:28:10', '2017-09-30', '16:28:45', 1002),
	(145, 1000000115, 10101, 0, 10, 0, 0, 0, 0, 110.00, 0.00, 110.00, '2017-10-01', '19:07:49', '0000-00-00', '00:00:00', 0),
	(146, 1000000116, 10099, 1000000083, 10, 10, 5, 3, 2, 1000.00, 100.00, 900.00, '2017-10-01', '19:08:35', '2017-10-01', '19:09:07', 1002),
	(147, 1000000117, 10096, 1000000032, 5, 5, 5, 0, 0, 790.00, 0.00, 790.00, '2017-10-02', '02:02:00', '2017-10-02', '02:02:21', 1002),
	(148, 1000000118, 10106, 1000000128, 20, 20, 15, 3, 2, 440.00, 0.00, 440.00, '2017-10-04', '01:03:39', '2017-10-04', '01:04:04', 1002),
	(149, 1000000118, 10079, 1000000137, 10, 10, 4, 5, 1, 1600.00, 0.00, 1600.00, '2017-10-04', '01:03:39', '2017-10-04', '01:04:04', 1002),
	(150, 1000000119, 10074, 1000000068, 20, 20, 0, 20, 0, 1660.00, 0.00, 1660.00, '2017-10-04', '14:08:01', '2017-10-04', '14:08:27', 1002),
	(151, 1000000120, 10003, 1000000061, 5, 5, 0, 5, 0, 55.00, 0.00, 55.00, '2017-10-04', '20:25:18', '2017-10-04', '20:25:36', 1002),
	(152, 1000000121, 10085, 1000000012, 10, 10, 5, 5, 0, 500.00, 0.00, 500.00, '2017-10-04', '20:47:43', '2017-10-04', '20:47:53', 1002),
	(153, 1000000122, 10005, 1000000099, 5, 5, 5, 0, 0, 1990.00, 0.00, 1990.00, '2017-10-04', '20:54:05', '2017-10-04', '20:54:16', 1002),
	(154, 1000000123, 10029, 1000000064, 10, 10, 10, 0, 0, 550.00, 0.00, 550.00, '2017-10-05', '02:47:46', '2017-10-05', '02:47:56', 1002),
	(155, 1000000124, 10069, 1000000111, 10, 10, 10, 0, 0, 1790.00, 0.00, 1790.00, '2017-10-05', '05:24:18', '2017-10-05', '05:24:35', 1002),
	(156, 1000000125, 10032, 1000000067, 10, 8, 0, 8, 0, 60.00, 0.00, 60.00, '2017-10-07', '01:01:58', '2017-10-07', '01:02:29', 1002),
	(157, 1000000125, 10062, 1000000098, 10, 8, 0, 8, 0, 400.00, 0.00, 400.00, '2017-10-07', '01:01:58', '2017-10-07', '01:02:29', 1002),
	(158, 1000000126, 10062, 0, 20, 0, 0, 0, 0, 800.00, 0.00, 800.00, '2017-10-07', '02:42:23', '0000-00-00', '00:00:00', 0),
	(159, 1000000127, 10062, 1000000149, 20, 20, 0, 20, 0, 800.00, 0.00, 800.00, '2017-10-07', '02:43:33', '2017-10-07', '02:43:46', 1002),
	(164, 1000000129, 10039, 0, 20, 0, 0, 0, 0, 7960.00, 0.00, 7960.00, '2017-10-17', '11:04:00', '0000-00-00', '00:00:00', 0);
/*!40000 ALTER TABLE `tbl_orditem` ENABLE KEYS */;

-- Dumping structure for table db_sungem.tbl_ordtype
CREATE TABLE IF NOT EXISTS `tbl_ordtype` (
  `ordtype_id` int(2) unsigned NOT NULL AUTO_INCREMENT,
  `ordtype_name` varchar(50) NOT NULL DEFAULT '',
  `description` varchar(180) NOT NULL DEFAULT '',
  PRIMARY KEY (`ordtype_id`)
) ENGINE=MyISAM AUTO_INCREMENT=15 DEFAULT CHARSET=latin1;

-- Dumping data for table db_sungem.tbl_ordtype: 2 rows
/*!40000 ALTER TABLE `tbl_ordtype` DISABLE KEYS */;
INSERT INTO `tbl_ordtype` (`ordtype_id`, `ordtype_name`, `description`) VALUES
	(10, 'Considered Sold', 'Sold'),
	(11, 'Consignment', 'Consignment');
/*!40000 ALTER TABLE `tbl_ordtype` ENABLE KEYS */;

-- Dumping structure for table db_sungem.tbl_ord_invoice
CREATE TABLE IF NOT EXISTS `tbl_ord_invoice` (
  `ord_invoice_id` int(10) unsigned NOT NULL AUTO_INCREMENT,
  `order_id` int(10) NOT NULL DEFAULT '0',
  `invoice_id` int(10) NOT NULL DEFAULT '0',
  `usr_id` int(4) NOT NULL DEFAULT '0',
  PRIMARY KEY (`ord_invoice_id`),
  KEY `order_id` (`order_id`),
  KEY `invoice_id` (`invoice_id`),
  KEY `usr_id` (`usr_id`)
) ENGINE=MyISAM AUTO_INCREMENT=400000112 DEFAULT CHARSET=latin1;

-- Dumping data for table db_sungem.tbl_ord_invoice: 104 rows
/*!40000 ALTER TABLE `tbl_ord_invoice` DISABLE KEYS */;
INSERT INTO `tbl_ord_invoice` (`ord_invoice_id`, `order_id`, `invoice_id`, `usr_id`) VALUES
	(400000006, 1000000014, 2000000006, 1002),
	(400000007, 1000000013, 2000000007, 1002),
	(400000010, 1000000016, 2000000010, 1002),
	(400000011, 1000000028, 2000000011, 1002),
	(400000012, 1000000029, 2000000012, 1002),
	(400000013, 1000000026, 2000000013, 1002),
	(400000014, 1000000021, 2000000014, 1002),
	(400000015, 1000000025, 2000000015, 1002),
	(400000016, 1000000024, 2000000017, 1002),
	(400000017, 1000000044, 2000000018, 1002),
	(400000018, 1000000045, 2000000019, 1002),
	(400000019, 1000000046, 2000000020, 1002),
	(400000020, 1000000048, 2000000021, 1002),
	(400000021, 1000000020, 2000000022, 1002),
	(400000022, 1000000049, 2000000023, 1002),
	(400000023, 1000000050, 2000000024, 1002),
	(400000024, 1000000051, 2000000025, 1002),
	(400000025, 1000000055, 2000000026, 1002),
	(400000026, 1000000057, 2000000027, 1002),
	(400000027, 1000000041, 2000000028, 1002),
	(400000028, 1000000058, 2000000029, 1002),
	(400000029, 1000000059, 2000000030, 1002),
	(400000030, 1000000060, 2000000031, 1002),
	(400000031, 1000000061, 2000000032, 1002),
	(400000032, 1000000062, 2000000033, 1002),
	(400000033, 1000000040, 2000000034, 0),
	(400000034, 1000000039, 2000000034, 0),
	(400000035, 1000000031, 2000000035, 0),
	(400000036, 1000000063, 2000000036, 1002),
	(400000037, 1000000064, 2000000037, 1002),
	(400000038, 1000000066, 2000000038, 1002),
	(400000039, 1000000067, 2000000039, 1002),
	(400000040, 1000000068, 2000000040, 1002),
	(400000041, 1000000070, 2000000041, 1002),
	(400000042, 1000000071, 2000000042, 1002),
	(400000043, 1000000072, 2000000043, 1002),
	(400000044, 1000000073, 2000000044, 1002),
	(400000045, 1000000074, 2000000045, 1002),
	(400000046, 1000000075, 2000000046, 1002),
	(400000047, 1000000076, 2000000047, 1002),
	(400000048, 1000000077, 2000000048, 1002),
	(400000049, 1000000078, 2000000049, 1002),
	(400000050, 1000000079, 2000000050, 1002),
	(400000051, 1000000080, 2000000051, 1002),
	(400000052, 1000000081, 2000000052, 1002),
	(400000053, 1000000082, 2000000053, 1002),
	(400000054, 1000000083, 2000000054, 1002),
	(400000055, 1000000084, 2000000055, 1002),
	(400000056, 1000000085, 2000000056, 1002),
	(400000057, 1000000087, 2000000057, 1002),
	(400000058, 1000000088, 2000000058, 1002),
	(400000059, 1000000089, 2000000059, 1002),
	(400000060, 1000000090, 2000000060, 1002),
	(400000061, 1000000091, 2000000061, 1002),
	(400000062, 1000000092, 2000000062, 1002),
	(400000063, 1000000096, 2000000063, 1002),
	(400000064, 1000000097, 2000000064, 1002),
	(400000065, 1000000098, 2000000065, 1002),
	(400000066, 1000000099, 2000000066, 1002),
	(400000067, 1000000039, 2000000067, 0),
	(400000068, 1000000100, 2000000068, 0),
	(400000069, 1000000100, 2000000069, 0),
	(400000070, 1000000100, 2000000070, 0),
	(400000071, 1000000101, 2000000071, 1002),
	(400000072, 1000000102, 2000000072, 1002),
	(400000073, 1000000031, 2000000073, 0),
	(400000074, 1000000107, 2000000074, 1002),
	(400000075, 1000000103, 2000000075, 0),
	(400000076, 1000000112, 2000000076, 1002),
	(400000077, 1000000031, 2000000077, 0),
	(400000078, 1000000105, 2000000077, 0),
	(400000079, 1000000106, 2000000078, 0),
	(400000080, 1000000106, 2000000078, 0),
	(400000081, 1000000065, 2000000079, 0),
	(400000082, 1000000108, 2000000079, 0),
	(400000083, 1000000105, 2000000080, 0),
	(400000084, 1000000105, 2000000081, 0),
	(400000085, 1000000105, 2000000082, 0),
	(400000086, 1000000114, 2000000083, 0),
	(400000087, 1000000116, 2000000084, 0),
	(400000088, 1000000117, 2000000085, 1002),
	(400000089, 1000000106, 2000000087, 0),
	(400000090, 1000000118, 2000000087, 0),
	(400000091, 1000000114, 2000000088, 0),
	(400000092, 1000000106, 2000000089, 0),
	(400000093, 1000000118, 2000000089, 0),
	(400000094, 1000000118, 2000000089, 0),
	(400000095, 1000000114, 2000000090, 0),
	(400000096, 1000000105, 2000000090, 0),
	(400000097, 1000000114, 2000000091, 0),
	(400000098, 1000000106, 2000000093, 0),
	(400000099, 1000000118, 2000000093, 0),
	(400000100, 1000000118, 2000000093, 0),
	(400000101, 1000000105, 2000000094, 0),
	(400000102, 1000000122, 2000000095, 1002),
	(400000103, 1000000121, 2000000096, 0),
	(400000104, 1000000118, 2000000096, 0),
	(400000105, 1000000118, 2000000097, 0),
	(400000106, 1000000123, 2000000098, 1002),
	(400000107, 1000000124, 2000000099, 1002),
	(400000108, 1000000013, 2000000100, 1002),
	(400000109, 1000000012, 2000000101, 1002),
	(400000110, 1000000027, 2000000102, 1002),
	(400000111, 1000000023, 2000000103, 1002);
/*!40000 ALTER TABLE `tbl_ord_invoice` ENABLE KEYS */;

-- Dumping structure for table db_sungem.tbl_payment
CREATE TABLE IF NOT EXISTS `tbl_payment` (
  `payment_id` int(10) unsigned NOT NULL AUTO_INCREMENT,
  `client_id` int(4) NOT NULL DEFAULT '0',
  `invoice_id` int(10) NOT NULL DEFAULT '0',
  `payment_amount` double(10,2) NOT NULL DEFAULT '0.00',
  `paymode_id` int(2) NOT NULL DEFAULT '0',
  `payment_date` date NOT NULL DEFAULT '0000-00-00',
  `payment_time` time NOT NULL DEFAULT '00:00:00',
  `pdc_no` varchar(50) NOT NULL DEFAULT '',
  `pdc_date` date NOT NULL DEFAULT '0000-00-00',
  `pdc_bank` varchar(50) NOT NULL DEFAULT '',
  `pdc_date_received` date NOT NULL DEFAULT '0000-00-00',
  `status` int(4) NOT NULL DEFAULT '0',
  `usr_id` int(4) NOT NULL DEFAULT '0',
  PRIMARY KEY (`payment_id`),
  KEY `invoice_id` (`invoice_id`),
  KEY `usr_id` (`usr_id`),
  KEY `paymode_id` (`paymode_id`),
  KEY `client_id` (`client_id`)
) ENGINE=MyISAM AUTO_INCREMENT=1000000216 DEFAULT CHARSET=latin1;

-- Dumping data for table db_sungem.tbl_payment: 175 rows
/*!40000 ALTER TABLE `tbl_payment` DISABLE KEYS */;
INSERT INTO `tbl_payment` (`payment_id`, `client_id`, `invoice_id`, `payment_amount`, `paymode_id`, `payment_date`, `payment_time`, `pdc_no`, `pdc_date`, `pdc_bank`, `pdc_date_received`, `status`, `usr_id`) VALUES
	(1000000006, 1016, 2000000006, 7960.00, 40, '2017-07-02', '10:35:00', '', '0000-00-00', '', '0000-00-00', 1, 1002),
	(1000000030, 1016, 2000000011, 250.00, 40, '2017-07-10', '21:41:40', '', '0000-00-00', '', '0000-00-00', 1, 1002),
	(1000000031, 1016, 2000000011, 146.00, 40, '2017-07-10', '21:45:55', '', '0000-00-00', '', '0000-00-00', 1, 1002),
	(1000000032, 1016, 2000000011, 150.00, 41, '2017-07-10', '21:47:25', '1115485', '2017-11-02', 'BDO', '0000-00-00', 0, 1002),
	(1000000033, 1016, 2000000011, 250.00, 40, '2017-07-10', '22:03:00', '', '0000-00-00', '', '0000-00-00', 1, 1002),
	(1000000034, 1016, 2000000012, 16.40, 40, '2017-07-10', '22:04:02', '', '0000-00-00', '', '0000-00-00', 1, 1002),
	(1000000035, 1016, 2000000012, 100.00, 40, '2017-07-11', '12:11:24', '', '0000-00-00', '', '0000-00-00', 1, 1002),
	(1000000038, 1016, 2000000010, 164.00, 41, '2017-07-12', '23:36:58', '5555', '2017-08-05', 'BDO', '0000-00-00', 0, 1002),
	(1000000039, 1016, 2000000010, 90.00, 40, '2017-07-19', '23:36:41', '', '0000-00-00', '', '0000-00-00', 1, 1002),
	(1000000041, 1016, 2000000012, 300.00, 40, '2017-08-02', '03:31:19', '', '0000-00-00', '', '0000-00-00', 1, 1002),
	(1000000042, 1016, 2000000020, 1000.00, 40, '2017-08-02', '04:26:47', '', '0000-00-00', '', '0000-00-00', 1, 1002),
	(1000000043, 1016, 2000000019, 2800.00, 40, '2017-08-02', '05:16:25', '', '0000-00-00', '', '0000-00-00', 1, 1002),
	(1000000045, 1016, 2000000024, 500.00, 40, '2017-08-06', '19:14:20', '', '0000-00-00', '', '0000-00-00', 1, 1002),
	(1000000044, 1016, 2000000012, 50.00, 41, '2017-08-03', '02:48:27', '7946', '2017-08-06', 'BPI', '2017-08-03', 1, 1002),
	(1000000047, 1016, 2000000024, 50.00, 40, '2017-08-23', '18:34:23', '', '0000-00-00', '', '0000-00-00', 1, 1002),
	(1000000048, 1016, 2000000024, 100.00, 40, '2017-08-23', '18:35:04', '', '0000-00-00', '', '0000-00-00', 1, 1002),
	(1000000052, 1016, 2000000025, 800.00, 41, '2017-08-29', '11:03:57', 'A123aA', '2009-01-17', 'BDO', '0000-00-00', 0, 0),
	(1000000053, 1016, 2000000025, 100.00, 40, '2017-08-30', '05:19:10', '', '0000-00-00', '', '0000-00-00', 1, 0),
	(1000000054, 1016, 2000000025, 100.00, 40, '2017-08-30', '05:21:15', '', '0000-00-00', '', '0000-00-00', 1, 0),
	(1000000055, 1016, 2000000023, 70.00, 40, '2017-09-02', '12:52:15', '', '0000-00-00', '', '0000-00-00', 1, 1002),
	(1000000056, 1016, 2000000023, 100.00, 40, '2017-09-02', '12:55:39', '', '0000-00-00', '', '0000-00-00', 1, 1002),
	(1000000057, 1016, 2000000023, 800.00, 41, '2017-09-02', '14:10:36', '12312', '2018-01-01', 'BPI', '0000-00-00', 0, 1002),
	(1000000058, 1016, 2000000025, 300.00, 40, '2017-09-02', '15:16:11', '', '0000-00-00', '', '0000-00-00', 1, 1002),
	(1000000059, 1016, 2000000025, 100.00, 40, '2017-09-02', '15:17:28', '', '0000-00-00', '', '0000-00-00', 1, 1002),
	(1000000060, 1016, 2000000035, 98.00, 40, '2017-09-02', '16:00:28', '', '0000-00-00', '', '0000-00-00', 1, 1002),
	(1000000061, 1016, 2000000031, 96.00, 40, '2017-09-02', '16:02:29', '', '0000-00-00', '', '0000-00-00', 1, 1002),
	(1000000062, 1016, 2000000023, 100.00, 40, '2017-09-02', '16:03:06', '', '0000-00-00', '', '0000-00-00', 1, 1002),
	(1000000063, 1016, 2000000023, 900.00, 40, '2017-09-02', '16:16:48', '', '0000-00-00', '', '0000-00-00', 1, 1002),
	(1000000064, 1016, 2000000023, 100.00, 40, '2017-09-02', '16:17:20', '', '0000-00-00', '', '0000-00-00', 1, 1002),
	(1000000065, 1016, 2000000023, 100.00, 40, '2017-09-02', '16:18:15', '', '0000-00-00', '', '0000-00-00', 1, 1002),
	(1000000066, 1016, 2000000035, 100.00, 40, '2017-09-02', '17:01:47', '', '0000-00-00', '', '0000-00-00', 1, 1002),
	(1000000067, 1016, 2000000035, 50.00, 40, '2017-09-02', '17:11:53', '', '0000-00-00', '', '0000-00-00', 1, 1002),
	(1000000068, 1016, 2000000023, 100.00, 40, '2017-09-02', '17:15:49', '', '0000-00-00', '', '0000-00-00', 1, 1002),
	(1000000069, 1016, 2000000023, 100.00, 40, '2017-09-02', '17:18:54', '', '0000-00-00', '', '0000-00-00', 1, 1002),
	(1000000070, 1016, 2000000023, 100.00, 40, '2017-09-02', '17:22:21', '', '0000-00-00', '', '0000-00-00', 1, 1002),
	(1000000071, 1016, 2000000023, 100.00, 40, '2017-09-02', '17:44:12', '', '0000-00-00', '', '0000-00-00', 1, 1002),
	(1000000072, 1016, 2000000023, 50.00, 40, '2017-09-02', '18:07:33', '', '0000-00-00', '', '0000-00-00', 1, 1002),
	(1000000073, 1016, 2000000023, 50.00, 40, '2017-09-02', '18:11:18', '', '0000-00-00', '', '0000-00-00', 1, 1002),
	(1000000074, 1016, 2000000023, 50.00, 40, '2017-09-02', '18:15:44', '', '0000-00-00', '', '0000-00-00', 1, 1002),
	(1000000075, 1016, 2000000023, 50.00, 40, '2017-09-03', '00:50:53', '', '0000-00-00', '', '0000-00-00', 1, 1002),
	(1000000076, 1016, 2000000023, 50.00, 40, '2017-09-03', '00:56:51', '', '0000-00-00', '', '0000-00-00', 1, 1002),
	(1000000077, 1016, 2000000023, 50.00, 40, '2017-09-03', '00:58:51', '', '0000-00-00', '', '0000-00-00', 1, 1002),
	(1000000078, 1016, 2000000023, 50.00, 40, '2017-09-03', '01:00:14', '', '0000-00-00', '', '0000-00-00', 1, 1002),
	(1000000079, 1016, 2000000023, 50.00, 40, '2017-09-03', '01:02:53', '', '0000-00-00', '', '0000-00-00', 1, 1002),
	(1000000080, 1016, 2000000023, 50.00, 40, '2017-09-03', '01:08:39', '', '0000-00-00', '', '0000-00-00', 1, 1002),
	(1000000081, 1016, 2000000023, 50.00, 40, '2017-09-03', '01:09:51', '', '0000-00-00', '', '0000-00-00', 1, 1002),
	(1000000082, 1016, 2000000023, 50.00, 40, '2017-09-03', '01:13:51', '', '0000-00-00', '', '0000-00-00', 1, 1002),
	(1000000083, 1016, 2000000023, 50.00, 40, '2017-09-03', '01:15:32', '', '0000-00-00', '', '0000-00-00', 1, 1002),
	(1000000084, 1016, 2000000023, 50.00, 40, '2017-09-03', '01:29:46', '', '0000-00-00', '', '0000-00-00', 1, 1002),
	(1000000085, 1016, 2000000023, 50.00, 40, '2017-09-03', '01:31:04', '', '0000-00-00', '', '0000-00-00', 1, 1002),
	(1000000086, 1016, 2000000023, 50.00, 40, '2017-09-03', '01:34:34', '', '0000-00-00', '', '0000-00-00', 1, 1002),
	(1000000087, 1016, 2000000023, 50.00, 40, '2017-09-03', '01:38:04', '', '0000-00-00', '', '0000-00-00', 1, 1002),
	(1000000088, 1016, 2000000023, 50.00, 40, '2017-09-03', '01:39:44', '', '0000-00-00', '', '0000-00-00', 1, 1002),
	(1000000089, 1016, 2000000023, 50.00, 40, '2017-09-03', '01:41:10', '', '0000-00-00', '', '0000-00-00', 1, 1002),
	(1000000090, 1016, 2000000023, 50.00, 40, '2017-09-03', '01:46:20', '', '0000-00-00', '', '0000-00-00', 1, 1002),
	(1000000091, 1016, 2000000023, 50.00, 40, '2017-09-03', '12:37:42', '', '0000-00-00', '', '0000-00-00', 1, 1002),
	(1000000092, 1016, 2000000035, 50.00, 40, '2017-09-03', '13:26:32', '', '0000-00-00', '', '0000-00-00', 1, 1002),
	(1000000093, 1016, 2000000023, 50.00, 40, '2017-09-03', '06:26:31', '', '0000-00-00', '', '0000-00-00', 1, 0),
	(1000000102, 1016, 2000000025, 400.00, 40, '2017-09-08', '07:06:31', '', '0000-00-00', '', '0000-00-00', 1, 0),
	(1000000101, 1016, 2000000029, 100.00, 40, '2017-09-08', '07:02:57', '', '0000-00-00', '', '0000-00-00', 1, 0),
	(1000000100, 1016, 2000000023, 350.00, 40, '2017-09-08', '07:00:04', '', '0000-00-00', '', '0000-00-00', 1, 0),
	(1000000097, 1008, 2000000015, 100.00, 41, '2017-09-08', '22:10:48', '123131', '2017-10-12', 'BDO', '0000-00-00', 0, 1002),
	(1000000099, 1016, 2000000035, 100.00, 40, '2017-09-08', '23:21:47', '', '0000-00-00', '', '0000-00-00', 1, 1002),
	(1000000103, 1016, 2000000047, 98.00, 40, '2017-09-09', '03:07:21', '', '0000-00-00', '', '0000-00-00', 1, 1002),
	(1000000104, 1016, 2000000023, 500.00, 40, '2017-09-09', '03:12:43', '', '0000-00-00', '', '0000-00-00', 1, 1002),
	(1000000105, 1010, 2000000068, 900.00, 40, '2017-09-09', '03:22:21', '', '0000-00-00', '', '0000-00-00', 1, 1002),
	(1000000106, 1010, 2000000068, 90.00, 40, '2017-09-09', '03:22:37', '', '0000-00-00', '', '0000-00-00', 1, 1002),
	(1000000107, 1016, 2000000023, 500.00, 40, '2017-09-08', '07:50:05', '', '0000-00-00', '', '0000-00-00', 1, 0),
	(1000000108, 1016, 2000000069, 194.00, 40, '2017-09-08', '07:54:09', '', '0000-00-00', '', '0000-00-00', 1, 0),
	(1000000109, 1016, 2000000025, 1000.00, 40, '2017-09-08', '08:13:33', '', '0000-00-00', '', '0000-00-00', 1, 0),
	(1000000110, 1017, 2000000019, 8000.00, 41, '2017-09-13', '14:24:35', '8789', '2018-02-01', 'BDO', '0000-00-00', 0, 1002),
	(1000000111, 1016, 2000000073, 50.00, 41, '2017-09-13', '02:46:52', 'rue826', '2018-02-01', 'BDO', '2017-10-07', 1, 1002),
	(1000000112, 1016, 2000000030, 92.00, 40, '2017-09-14', '07:08:04', '', '0000-00-00', '', '0000-00-00', 1, 0),
	(1000000113, 1016, 2000000068, 200.00, 40, '2017-09-15', '04:46:12', '', '0000-00-00', '', '0000-00-00', 1, 0),
	(1000000114, 1008, 2000000028, 1000.00, 40, '2017-09-15', '13:57:11', '', '0000-00-00', '', '0000-00-00', 1, 1002),
	(1000000115, 1016, 2000000045, 200.00, 40, '2017-09-15', '02:21:50', '', '0000-00-00', '', '0000-00-00', 1, 0),
	(1000000116, 1016, 2000000075, 800.00, 40, '2017-09-15', '02:27:41', '', '0000-00-00', '', '0000-00-00', 1, 0),
	(1000000117, 1016, 2000000040, 98.00, 40, '2017-09-15', '02:52:13', '', '0000-00-00', '', '0000-00-00', 1, 0),
	(1000000118, 1008, 2000000015, 1500.00, 40, '2017-09-21', '20:22:13', '', '0000-00-00', '', '0000-00-00', 1, 1003),
	(1000000119, 1008, 2000000013, 247.50, 40, '2017-09-21', '20:22:28', '', '0000-00-00', '', '0000-00-00', 1, 1003),
	(1000000120, 1008, 2000000012, 250.00, 40, '2017-09-21', '20:22:40', '', '0000-00-00', '', '0000-00-00', 1, 1003),
	(1000000121, 1008, 2000000028, 3200.00, 40, '2017-09-21', '20:22:49', '', '0000-00-00', '', '0000-00-00', 1, 1003),
	(1000000122, 1008, 2000000018, 330.00, 40, '2017-09-21', '20:22:57', '', '0000-00-00', '', '0000-00-00', 1, 1003),
	(1000000123, 1008, 2000000027, 1890.50, 40, '2017-09-21', '20:23:08', '', '0000-00-00', '', '0000-00-00', 1, 1003),
	(1000000124, 1008, 2000000071, 1194.00, 40, '2017-09-21', '20:23:18', '', '0000-00-00', '', '0000-00-00', 1, 1003),
	(1000000125, 1008, 2000000076, 5590.00, 40, '2017-09-21', '20:23:35', '', '0000-00-00', '', '0000-00-00', 1, 1003),
	(1000000126, 1010, 2000000068, 800.00, 40, '2017-09-21', '20:24:01', '', '0000-00-00', '', '0000-00-00', 1, 1003),
	(1000000127, 1010, 2000000069, 1000.00, 40, '2017-09-21', '20:24:16', '', '0000-00-00', '', '0000-00-00', 1, 1003),
	(1000000128, 1010, 2000000070, 796.00, 40, '2017-09-21', '20:24:30', '', '0000-00-00', '', '0000-00-00', 1, 1003),
	(1000000129, 1016, 2000000073, 348.00, 40, '2017-09-21', '20:24:50', '', '0000-00-00', '', '0000-00-00', 1, 1003),
	(1000000130, 1016, 2000000077, 453.00, 40, '2017-09-21', '20:25:02', '', '0000-00-00', '', '0000-00-00', 1, 1003),
	(1000000131, 1016, 2000000023, 1000.00, 40, '2017-09-21', '20:25:15', '', '0000-00-00', '', '0000-00-00', 1, 1003),
	(1000000132, 1016, 2000000029, 1890.00, 40, '2017-09-21', '20:25:31', '', '0000-00-00', '', '0000-00-00', 1, 1003),
	(1000000133, 1016, 2000000030, 1500.00, 40, '2017-09-21', '20:25:46', '', '0000-00-00', '', '0000-00-00', 1, 1003),
	(1000000134, 1016, 2000000031, 700.00, 40, '2017-09-21', '20:26:16', '', '0000-00-00', '', '0000-00-00', 1, 1003),
	(1000000135, 1016, 2000000032, 796.00, 40, '2017-09-21', '20:26:39', '', '0000-00-00', '', '0000-00-00', 1, 1003),
	(1000000136, 1016, 2000000033, 796.00, 40, '2017-09-21', '20:26:52', '', '0000-00-00', '', '0000-00-00', 1, 1003),
	(1000000137, 1016, 2000000036, 796.00, 40, '2017-09-21', '20:27:05', '', '0000-00-00', '', '0000-00-00', 1, 1003),
	(1000000138, 1016, 2000000037, 796.00, 40, '2017-09-21', '20:27:19', '', '0000-00-00', '', '0000-00-00', 1, 1003),
	(1000000139, 1016, 2000000079, 1990.00, 40, '2017-09-21', '20:27:35', '', '0000-00-00', '', '0000-00-00', 1, 1003),
	(1000000140, 1016, 2000000038, 796.00, 40, '2017-09-21', '20:27:48', '', '0000-00-00', '', '0000-00-00', 1, 1003),
	(1000000141, 1016, 2000000039, 398.00, 40, '2017-09-21', '20:28:01', '', '0000-00-00', '', '0000-00-00', 1, 1003),
	(1000000142, 1016, 2000000040, 300.00, 40, '2017-09-21', '20:28:13', '', '0000-00-00', '', '0000-00-00', 1, 1003),
	(1000000143, 1016, 2000000041, 398.00, 40, '2017-09-21', '20:28:28', '', '0000-00-00', '', '0000-00-00', 1, 1003),
	(1000000144, 1016, 2000000042, 398.00, 40, '2017-09-21', '20:28:39', '', '0000-00-00', '', '0000-00-00', 1, 1003),
	(1000000145, 1016, 2000000043, 398.00, 40, '2017-09-21', '20:28:50', '', '0000-00-00', '', '0000-00-00', 1, 1003),
	(1000000146, 1016, 2000000044, 394.02, 40, '2017-09-21', '20:29:04', '', '0000-00-00', '', '0000-00-00', 1, 1003),
	(1000000147, 1016, 2000000045, 198.00, 40, '2017-09-21', '20:29:16', '', '0000-00-00', '', '0000-00-00', 1, 1003),
	(1000000148, 1016, 2000000046, 398.00, 40, '2017-09-21', '20:29:28', '', '0000-00-00', '', '0000-00-00', 1, 1003),
	(1000000149, 1016, 2000000047, 300.00, 40, '2017-09-21', '20:29:42', '', '0000-00-00', '', '0000-00-00', 1, 1003),
	(1000000150, 1016, 2000000048, 398.00, 40, '2017-09-21', '20:29:58', '', '0000-00-00', '', '0000-00-00', 1, 1003),
	(1000000151, 1016, 2000000049, 398.00, 40, '2017-09-21', '20:30:09', '', '0000-00-00', '', '0000-00-00', 1, 1003),
	(1000000152, 1016, 2000000050, 398.00, 40, '2017-09-21', '20:30:22', '', '0000-00-00', '', '0000-00-00', 1, 1003),
	(1000000153, 1016, 2000000051, 398.00, 40, '2017-09-21', '20:30:35', '', '0000-00-00', '', '0000-00-00', 1, 1003),
	(1000000154, 1016, 2000000052, 398.00, 40, '2017-09-21', '20:30:51', '', '0000-00-00', '', '0000-00-00', 1, 1003),
	(1000000155, 1016, 2000000053, 398.00, 40, '2017-09-21', '20:31:04', '', '0000-00-00', '', '0000-00-00', 1, 1003),
	(1000000156, 1016, 2000000054, 398.00, 40, '2017-09-21', '20:31:16', '', '0000-00-00', '', '0000-00-00', 1, 1003),
	(1000000157, 1016, 2000000055, 398.00, 40, '2017-09-21', '20:31:31', '', '0000-00-00', '', '0000-00-00', 1, 1003),
	(1000000158, 1016, 2000000056, 398.00, 40, '2017-09-21', '20:31:43', '', '0000-00-00', '', '0000-00-00', 1, 1003),
	(1000000159, 1016, 2000000057, 398.00, 40, '2017-09-21', '20:31:58', '', '0000-00-00', '', '0000-00-00', 1, 1003),
	(1000000160, 1016, 2000000058, 398.00, 40, '2017-09-21', '20:32:11', '', '0000-00-00', '', '0000-00-00', 1, 1003),
	(1000000161, 1016, 2000000059, 398.00, 40, '2017-09-21', '20:32:25', '', '0000-00-00', '', '0000-00-00', 1, 1003),
	(1000000162, 1016, 2000000060, 398.00, 40, '2017-09-21', '20:32:40', '', '0000-00-00', '', '0000-00-00', 1, 1003),
	(1000000163, 1016, 2000000061, 398.00, 40, '2017-09-21', '20:32:53', '', '0000-00-00', '', '0000-00-00', 1, 1003),
	(1000000164, 1016, 2000000062, 398.00, 40, '2017-09-21', '20:33:05', '', '0000-00-00', '', '0000-00-00', 1, 1003),
	(1000000165, 1016, 2000000063, 398.00, 40, '2017-09-21', '20:33:17', '', '0000-00-00', '', '0000-00-00', 1, 1003),
	(1000000166, 1016, 2000000064, 398.00, 40, '2017-09-21', '20:33:32', '', '0000-00-00', '', '0000-00-00', 1, 1003),
	(1000000167, 1005, 2000000010, 194.20, 40, '2017-09-21', '20:34:31', '', '0000-00-00', '', '0000-00-00', 1, 1003),
	(1000000168, 1005, 2000000014, 5970.00, 40, '2017-09-21', '20:35:07', '', '0000-00-00', '', '0000-00-00', 1, 1003),
	(1000000169, 1016, 2000000065, 100.00, 40, '2017-09-28', '02:36:47', '', '0000-00-00', '', '0000-00-00', 1, 0),
	(1000000170, 1016, 2000000072, 90.00, 40, '2017-09-28', '10:56:39', '', '0000-00-00', '', '0000-00-00', 1, 0),
	(1000000171, 1016, 2000000072, 900.00, 40, '2017-09-28', '11:06:42', '', '0000-00-00', '', '0000-00-00', 1, 0),
	(1000000172, 1016, 2000000072, 90.00, 40, '2017-09-28', '10:56:39', '', '0000-00-00', '', '0000-00-00', 1, 0),
	(1000000173, 1016, 2000000072, 900.00, 40, '2017-09-28', '11:06:42', '', '0000-00-00', '', '0000-00-00', 1, 0),
	(1000000174, 1016, 2000000074, 100.00, 40, '2017-09-29', '08:09:40', '', '0000-00-00', '', '0000-00-00', 1, 0),
	(1000000175, 1016, 2000000080, 70.00, 40, '2017-09-29', '10:14:51', '', '0000-00-00', '', '0000-00-00', 1, 0),
	(1000000176, 1016, 2000000074, 500.00, 40, '2017-09-29', '10:50:26', '', '0000-00-00', '', '0000-00-00', 1, 0),
	(1000000177, 1016, 2000000066, 98.00, 40, '2017-09-29', '12:19:57', '', '0000-00-00', '', '0000-00-00', 1, 0),
	(1000000178, 1010, 2000000085, 790.00, 40, '2017-10-02', '02:03:07', '', '0000-00-00', '', '0000-00-00', 1, 1002),
	(1000000179, 1016, 2000000082, 70.00, 40, '2017-10-03', '01:05:52', '', '0000-00-00', '', '0000-00-00', 1, 0),
	(1000000180, 1016, 2000000065, 98.00, 40, '2017-10-03', '01:06:08', '', '0000-00-00', '', '0000-00-00', 1, 0),
	(1000000182, 1016, 2000000066, 100.00, 40, '2017-10-03', '01:16:28', '', '0000-00-00', '', '0000-00-00', 1, 0),
	(1000000183, 1016, 2000000065, 20.00, 40, '2017-10-03', '10:07:22', '', '0000-00-00', '', '0000-00-00', 1, 0),
	(1000000184, 1016, 2000000065, 20.00, 40, '2017-10-03', '10:13:30', '', '0000-00-00', '', '0000-00-00', 1, 0),
	(1000000185, 1016, 2000000066, 20.00, 40, '2017-10-03', '10:18:59', '', '0000-00-00', '', '0000-00-00', 1, 0),
	(1000000186, 1016, 2000000066, 20.00, 40, '2017-10-03', '10:28:31', '', '0000-00-00', '', '0000-00-00', 1, 0),
	(1000000187, 1016, 2000000065, 20.00, 40, '2017-10-03', '10:33:20', '', '0000-00-00', '', '0000-00-00', 1, 0),
	(1000000188, 1016, 2000000065, 8.00, 40, '2017-10-03', '10:35:12', '', '0000-00-00', '', '0000-00-00', 1, 0),
	(1000000189, 1016, 2000000065, 32.00, 40, '2017-10-03', '10:36:59', '', '0000-00-00', '', '0000-00-00', 1, 0),
	(1000000190, 1016, 2000000065, 20.00, 40, '2017-10-03', '10:41:11', '', '0000-00-00', '', '0000-00-00', 1, 0),
	(1000000191, 1016, 2000000065, 20.00, 40, '2017-10-03', '10:42:01', '', '0000-00-00', '', '0000-00-00', 1, 0),
	(1000000192, 1016, 2000000065, 10.00, 40, '2017-10-03', '10:42:22', '', '0000-00-00', '', '0000-00-00', 1, 0),
	(1000000193, 1016, 2000000074, 1000.00, 40, '2017-10-03', '10:42:34', '', '0000-00-00', '', '0000-00-00', 1, 0),
	(1000000194, 1016, 2000000081, 100.00, 40, '2017-10-03', '10:42:56', '', '0000-00-00', '', '0000-00-00', 1, 0),
	(1000000195, 1016, 2000000065, 50.00, 40, '2017-10-04', '00:57:05', '', '0000-00-00', '', '0000-00-00', 1, 1002),
	(1000000196, 1016, 2000000072, 10.00, 40, '2017-10-03', '12:03:18', '', '0000-00-00', '', '0000-00-00', 1, 0),
	(1000000197, 1016, 2000000083, 40.00, 40, '2017-10-04', '01:01:11', '', '0000-00-00', '', '0000-00-00', 1, 1002),
	(1000000198, 1016, 2000000082, 100.00, 40, '2017-10-04', '01:01:29', '', '0000-00-00', '', '0000-00-00', 1, 1002),
	(1000000199, 1006, 2000000078, 525.00, 40, '2017-10-04', '01:06:09', '', '0000-00-00', '', '0000-00-00', 1, 1002),
	(1000000200, 1016, 2000000066, 60.00, 40, '2017-10-04', '14:05:34', '', '0000-00-00', '', '0000-00-00', 1, 1002),
	(1000000201, 1016, 2000000082, 100.00, 40, '2017-10-04', '14:06:09', '', '0000-00-00', '', '0000-00-00', 1, 1002),
	(1000000202, 1016, 2000000090, 930.00, 40, '2017-10-04', '14:11:32', '', '0000-00-00', '', '0000-00-00', 1, 1002),
	(1000000203, 1016, 2000000084, 150.00, 40, '2017-10-04', '14:18:13', '', '0000-00-00', '', '0000-00-00', 1, 1002),
	(1000000204, 1016, 2000000090, 150.00, 40, '2017-10-04', '14:19:41', '', '0000-00-00', '', '0000-00-00', 1, 1002),
	(1000000205, 1016, 2000000091, 160.00, 40, '2017-10-04', '14:29:38', '', '0000-00-00', '', '0000-00-00', 1, 1002),
	(1000000206, 1016, 2000000066, 50.00, 40, '2017-10-04', '19:17:00', '', '0000-00-00', '', '0000-00-00', 1, 1002),
	(1000000207, 1016, 2000000082, 100.00, 40, '2017-10-04', '19:26:56', '', '0000-00-00', '', '0000-00-00', 1, 1002),
	(1000000208, 1016, 2000000084, 150.00, 40, '2017-10-04', '20:07:04', '', '0000-00-00', '', '0000-00-00', 1, 1002),
	(1000000209, 1016, 2000000081, 70.00, 40, '2017-10-03', '06:12:16', '', '0000-00-00', '', '0000-00-00', 1, 0),
	(1000000210, 1016, 2000000066, 50.00, 40, '2017-10-03', '07:01:01', '', '0000-00-00', '', '0000-00-00', 1, 0),
	(1000000211, 1016, 2000000084, 150.00, 40, '2017-10-05', '02:49:04', '', '0000-00-00', '', '0000-00-00', 1, 1002),
	(1000000212, 1016, 2000000080, 200.00, 40, '2017-10-05', '15:53:40', '', '0000-00-00', '', '0000-00-00', 1, 1002),
	(1000000213, 1016, 2000000080, 100.00, 40, '2017-10-05', '15:55:08', '', '0000-00-00', '', '0000-00-00', 1, 1002),
	(1000000214, 1016, 2000000091, 200.00, 40, '2017-10-05', '15:55:33', '', '0000-00-00', '', '0000-00-00', 1, 1002),
	(1000000215, 1016, 2000000080, 100.00, 40, '2017-10-07', '02:55:16', '', '0000-00-00', '', '0000-00-00', 1, 1002);
/*!40000 ALTER TABLE `tbl_payment` ENABLE KEYS */;

-- Dumping structure for table db_sungem.tbl_paymode
CREATE TABLE IF NOT EXISTS `tbl_paymode` (
  `paymode_id` int(2) unsigned NOT NULL AUTO_INCREMENT,
  `paymode_name` varchar(80) NOT NULL DEFAULT '',
  PRIMARY KEY (`paymode_id`)
) ENGINE=MyISAM AUTO_INCREMENT=42 DEFAULT CHARSET=latin1;

-- Dumping data for table db_sungem.tbl_paymode: 2 rows
/*!40000 ALTER TABLE `tbl_paymode` DISABLE KEYS */;
INSERT INTO `tbl_paymode` (`paymode_id`, `paymode_name`) VALUES
	(40, 'Cash'),
	(41, 'Post Dated Cheque');
/*!40000 ALTER TABLE `tbl_paymode` ENABLE KEYS */;

-- Dumping structure for table db_sungem.tbl_payterm
CREATE TABLE IF NOT EXISTS `tbl_payterm` (
  `term_id` int(2) unsigned NOT NULL AUTO_INCREMENT,
  `term_name` varchar(50) NOT NULL DEFAULT '',
  `description` varchar(180) NOT NULL DEFAULT '',
  PRIMARY KEY (`term_id`)
) ENGINE=MyISAM AUTO_INCREMENT=15 DEFAULT CHARSET=latin1;

-- Dumping data for table db_sungem.tbl_payterm: 4 rows
/*!40000 ALTER TABLE `tbl_payterm` DISABLE KEYS */;
INSERT INTO `tbl_payterm` (`term_id`, `term_name`, `description`) VALUES
	(10, 'Cash on Delivery', 'Full payment upon delivery'),
	(11, '30 days to pay', 'Half a month'),
	(12, '60 days to pay', '2 Months'),
	(13, 'Consignment', 'Monthly basis');
/*!40000 ALTER TABLE `tbl_payterm` ENABLE KEYS */;

-- Dumping structure for table db_sungem.tbl_product
CREATE TABLE IF NOT EXISTS `tbl_product` (
  `pro_id` int(5) unsigned NOT NULL AUTO_INCREMENT,
  `barcode` varchar(100) NOT NULL DEFAULT '',
  `pro_brand` varchar(180) NOT NULL DEFAULT '',
  `pro_generic` varchar(180) NOT NULL DEFAULT '',
  `pro_formulation` varchar(180) NOT NULL DEFAULT '',
  `pro_packaging` varchar(180) NOT NULL DEFAULT '',
  `pro_unit_price` double(10,2) NOT NULL DEFAULT '0.00',
  `pro_reorder_level` int(10) NOT NULL DEFAULT '0',
  `pro_total_qty` int(10) NOT NULL DEFAULT '0',
  `cat_id` int(2) NOT NULL DEFAULT '0',
  `date_added` date NOT NULL DEFAULT '0000-00-00',
  `time_added` time NOT NULL DEFAULT '00:00:00',
  `date_modified` date NOT NULL DEFAULT '0000-00-00',
  `time_modified` time NOT NULL DEFAULT '00:00:00',
  `status` int(2) NOT NULL DEFAULT '1',
  `usr_id` int(4) NOT NULL DEFAULT '0',
  PRIMARY KEY (`pro_id`),
  KEY `cat_id` (`cat_id`),
  KEY `usr_id` (`usr_id`)
) ENGINE=MyISAM AUTO_INCREMENT=10126 DEFAULT CHARSET=latin1;

-- Dumping data for table db_sungem.tbl_product: 114 rows
/*!40000 ALTER TABLE `tbl_product` DISABLE KEYS */;
INSERT INTO `tbl_product` (`pro_id`, `barcode`, `pro_brand`, `pro_generic`, `pro_formulation`, `pro_packaging`, `pro_unit_price`, `pro_reorder_level`, `pro_total_qty`, `cat_id`, `date_added`, `time_added`, `date_modified`, `time_modified`, `status`, `usr_id`) VALUES
	(10001, '', 'AMX', 'Amoxicillin', '100mg/ml PFS Drops', 'Bot. of 10ml', 72.00, 45, 60, 10, '0000-00-00', '00:00:00', '0000-00-00', '00:00:00', 1, 1002),
	(10007, '', 'CFA', 'Cefalexin', '125mg/5ml PFSuspension', 'Bot. of 60ml', 110.00, 50, 220, 10, '0000-00-00', '00:00:00', '0000-00-00', '00:00:00', 1, 1002),
	(10006, '', 'CFA', 'Cefalexin', '100mg/ml PFS Drops', 'Bot. of 10ml', 83.00, 65, 250, 10, '0000-00-00', '00:00:00', '0000-00-00', '00:00:00', 1, 1002),
	(10005, '', 'CFC', 'Cefaclor', '250mg/5ml  Granules for Susp.', 'Bot. of 60ml', 398.00, 80, 235, 10, '0000-00-00', '00:00:00', '2017-10-04', '20:54:16', 1, 1002),
	(10003, '', 'AMX', 'Amoxicillin', '500mg  Capsule', 'Box. of 100\'s', 11.00, 50, 29, 10, '0000-00-00', '00:00:00', '2017-10-06', '04:11:46', 1, 1002),
	(10004, '', 'CFC', 'Cefaclor', '50mg/ml PFS Drops 20ml', 'Bot. of 20ml', 230.00, 80, 184, 10, '0000-00-00', '00:00:00', '2017-10-06', '04:11:46', 1, 1002),
	(10002, '4800390092113', 'AMX', 'Amoxicillin', '250mg/5ml  Powder for Susp.', 'Bot. of 60ml', 116.00, 45, 75, 10, '0000-00-00', '00:00:00', '2017-09-13', '05:00:50', 1, 1002),
	(10008, '', 'CFA', 'Cefalexin', '250mg/5ml PFSuspension', 'Bot. of 60ml', 154.00, 50, 254, 10, '0000-00-00', '00:00:00', '2017-10-06', '04:11:46', 1, 1002),
	(10009, '', 'CFA', 'Cefalexin', '500mg Capsule', 'Box. of 100\'s', 13.00, 50, 245, 10, '0000-00-00', '00:00:00', '0000-00-00', '00:00:00', 1, 1002),
	(10010, '', 'GLOCLAV', 'Co-Amoxiclav', '500mg/125mg Tablet', 'Box of 18\'s', 38.00, 50, 300, 10, '0000-00-00', '00:00:00', '0000-00-00', '00:00:00', 1, 1002),
	(10011, '', 'AZIFAST', 'Azithromycin (as dihydrate)', '500mg/125mg Tablet', 'Box of 30\'s', 60.00, 50, 20, 10, '0000-00-00', '00:00:00', '0000-00-00', '00:00:00', 1, 1002),
	(10012, '', 'ZEFCID', 'Cefuroxime', '500mg Tablet\r\n', 'Box of 30\'s', 47.00, 50, 200, 10, '0000-00-00', '00:00:00', '0000-00-00', '00:00:00', 1, 1002),
	(10013, '', 'MYCEFIX', 'Cefixime', '200mg Tablet', 'Box. of 100\'s', 64.00, 25, 210, 10, '0000-00-00', '00:00:00', '0000-00-00', '00:00:00', 1, 1002),
	(10014, '', 'FLOXA-200', 'Ofloxacin', '200mg Tablet', 'Box of 100\'s', 74.00, 50, 65, 10, '0000-00-00', '00:00:00', '0000-00-00', '00:00:00', 1, 1002),
	(10015, '', 'FLOXA-400', 'Ofloxacin', '400mg Tablet', 'Box of 100\'s', 74.00, 50, 100, 10, '0000-00-00', '00:00:00', '0000-00-00', '00:00:00', 1, 1002),
	(10016, '', 'LEVOTAB', 'Levofloxacin', '750mg Film-Coated Tablet', 'Box of  30\'s', 98.00, 50, 240, 10, '0000-00-00', '00:00:00', '0000-00-00', '00:00:00', 1, 1002),
	(10017, '', 'ZEFAXIM', 'Cefixime', '100mg/5ml Powder for Suspension', 'Bot. of 60ml', 550.00, 30, 120, 10, '0000-00-00', '00:00:00', '0000-00-00', '00:00:00', 1, 1002),
	(10018, '', 'XIMETAZ', 'Cefixime (as trihydrate)', '100mg/5ml Powder for Suspension', 'Bot. of 60ml', 550.00, 50, 220, 10, '0000-00-00', '00:00:00', '0000-00-00', '00:00:00', 1, 1002),
	(10019, '', 'XANGINART', 'Trimetazidime', '35mg Film coated Tablet', 'Box of 60\'s', 20.00, 50, 170, 11, '0000-00-00', '00:00:00', '0000-00-00', '00:00:00', 1, 1002),
	(10020, '', 'NYSTRIN', 'Nystatin', '100,000 units/mL 30mL Oral  Drops Suspension', 'Bot. of 30mL', 300.00, 50, 240, 12, '0000-00-00', '00:00:00', '0000-00-00', '00:00:00', 1, 1002),
	(10021, '4806511170364', 'MFE', 'Mefenamic Acid', '50mg/5ml Suspension', 'Bot. of 60ml', 55.00, 25, 700, 13, '0000-00-00', '00:00:00', '2017-09-13', '05:00:20', 1, 1002),
	(10022, '', 'MFE', 'Mefenamic Acid', '500mg Capsule', 'Box. of 100\'s', 4.00, 50, 200, 13, '0000-00-00', '00:00:00', '0000-00-00', '00:00:00', 1, 1002),
	(10023, '', 'PRC', 'Paracetamol', '100mg/mL Drops', 'Bot. of 15ml', 55.00, 80, 200, 13, '0000-00-00', '00:00:00', '0000-00-00', '00:00:00', 1, 1002),
	(10024, '', 'PRC', 'Paracetamol', '125mg/5ml Suspension', 'Bot. of 60ml', 57.00, 80, 150, 13, '0000-00-00', '00:00:00', '0000-00-00', '00:00:00', 1, 1002),
	(10025, '', 'PRC', 'Paracetamol', '250mg/5ml Suspension', 'Bot. of 60ml', 62.00, 80, 180, 13, '0000-00-00', '00:00:00', '0000-00-00', '00:00:00', 1, 1002),
	(10026, '', 'AMB', 'Ambroxol', '6mg/mL Drops', 'Bot. of 15ml', 56.00, 45, 100, 14, '0000-00-00', '00:00:00', '0000-00-00', '00:00:00', 1, 1002),
	(10027, '', 'AMB', 'Ambroxol', '15mg/5ml Syrup', 'Bot. of 60ml', 63.00, 45, 80, 14, '0000-00-00', '00:00:00', '0000-00-00', '00:00:00', 1, 1002),
	(10028, '', 'AMB', 'Ambroxol', '30mg Tablet', 'Box. of 100\'s', 3.00, 50, 75, 14, '0000-00-00', '00:00:00', '0000-00-00', '00:00:00', 1, 1002),
	(10029, '', 'CRB', 'Carbocisteine', '50mg/ml Drops', 'Bot. of 15ml', 55.00, 50, 75, 14, '0000-00-00', '00:00:00', '2017-10-05', '02:47:56', 1, 1002),
	(10030, '', 'CRB', 'Carbocisteine', '100mg/5ml Syrup', 'Bot. of 60ml', 61.00, 50, 75, 14, '0000-00-00', '00:00:00', '0000-00-00', '00:00:00', 1, 1002),
	(10031, '', 'CRB', 'Carbocisteine', '250mg/5ml Suspension', 'Bot. of 60ml', 72.00, 50, 60, 14, '0000-00-00', '00:00:00', '0000-00-00', '00:00:00', 1, 1002),
	(10032, '', 'CRB', 'Carbocisteine', '500mg Capsule', 'Box. of 100\'s', 6.00, 65, 42, 14, '0000-00-00', '00:00:00', '2017-10-07', '01:02:29', 1, 1002),
	(10033, '', 'SGX', 'Salbutamol/Guaifenesin', '1mg/50mg/5ml Syrup', 'Bot. of 60ml', 78.00, 30, 105, 14, '0000-00-00', '00:00:00', '0000-00-00', '00:00:00', 1, 1002),
	(10034, '', 'SGX', 'Salbutamol/Guaifenesin', '2mg/100mg Capsule', 'Box. of 100\'s', 8.00, 50, 165, 14, '0000-00-00', '00:00:00', '0000-00-00', '00:00:00', 1, 1002),
	(10035, '', 'COFNIL', 'Salbutamol as Sulphate Bromhexine HCI Guaifenesin', ' 2mg/4mg/100mg per 10mL', 'Bot. of 60ml', 105.00, 50, 350, 14, '0000-00-00', '00:00:00', '0000-00-00', '00:00:00', 1, 1002),
	(10036, '', 'NEOCOXIB', 'Celecoxib', '200mg Capsule', 'Box. of 100\'s', 29.00, 50, 285, 15, '0000-00-00', '00:00:00', '0000-00-00', '00:00:00', 1, 1002),
	(10037, '', 'MEDOGREL', 'Clopidogrel', '75mg Film Coated Tablet ', 'Box of 30\'s', 19.00, 80, 200, 16, '0000-00-00', '00:00:00', '0000-00-00', '00:00:00', 1, 1002),
	(10038, '', 'ERGON', 'Methylergometrine Maleate', '125mcg Film Coated Tablet', 'Box of 50\'s', 3.00, 25, 75, 17, '0000-00-00', '00:00:00', '0000-00-00', '00:00:00', 1, 1002),
	(10039, '', 'ACCELAC', 'Lactulose ', '3.35g/5m', 'Box of 120mL', 398.00, 30, 79, 18, '0000-00-00', '00:00:00', '2017-10-07', '03:34:17', 1, 1002),
	(10040, '', 'XYLOSE', 'Lactulose', '3.35g/5mL', 'Box of 100mL', 398.00, 25, 100, 18, '0000-00-00', '00:00:00', '0000-00-00', '00:00:00', 1, 1002),
	(10041, '', 'AZAL', 'Azithromycin  (as dihydrate)', '500mg Powder for Injection (IV)', '500mg/Vial', 885.00, 50, 140, 19, '0000-00-00', '00:00:00', '0000-00-00', '00:00:00', 1, 1002),
	(10042, '', 'NORBIT', 'Norepinephrine (as bitartrate)', '1mg/mL (2mg/2mL) Sol. For Inj.', '2mL/amps', 480.00, 70, 156, 19, '0000-00-00', '00:00:00', '0000-00-00', '00:00:00', 1, 1002),
	(10043, '', 'SUPENEM', 'Meropenem  (as trihydrate)', '1g Powder for Injection', '1g/vial', 1440.00, 50, 120, 19, '0000-00-00', '00:00:00', '0000-00-00', '00:00:00', 1, 1002),
	(10044, '', 'CLINDARENE 300', 'Clindamycin (as Phosphate)', '150mg/mL (300mg/2mL) Solution for Injection (IM/IV)', '2mL/amp', 420.00, 50, 150, 19, '0000-00-00', '00:00:00', '0000-00-00', '00:00:00', 1, 1002),
	(10045, '', 'CLINDARENE 600', 'Clindamycin (as Phosphate) ', '150mg/mL (600mg/4mL) Solution for Injection (IM/IV)', '4mL/amp', 540.00, 50, 150, 19, '0000-00-00', '00:00:00', '0000-00-00', '00:00:00', 1, 1002),
	(10046, '', 'CLINDATEC 600mg', 'Clindamycin (as Phosphate)', '150mg/mL (600mg/4mL) Solution for Injection (IM/IV)', '4mL/amp', 540.00, 25, 160, 19, '0000-00-00', '00:00:00', '0000-00-00', '00:00:00', 1, 1002),
	(10047, '', 'CORSIN- 600', 'Clindamycin (as Phosphate) ', '150mg/mL (600mg/4mL) Solution for Injection (IM/IV)', '4mL/amp', 540.00, 50, 175, 19, '0000-00-00', '00:00:00', '0000-00-00', '00:00:00', 1, 1002),
	(10048, '', 'CORTIX', 'Dexamethasone Sodium Phosphate', '5mg/mL Solution for Inj', '1ml/amp', 103.00, 25, 200, 19, '0000-00-00', '00:00:00', '0000-00-00', '00:00:00', 1, 1002),
	(10049, '', 'ONDEX', 'Dexamethasone sodium phosphate ', '4mg/mL Sol. for Inj', 'amp', 103.00, 50, 180, 19, '0000-00-00', '00:00:00', '0000-00-00', '00:00:00', 1, 1002),
	(10050, '8904163910041', 'PIPERCIL 4.5', 'Piperacillin (as sodium) + Tazobactam (as sodium)', '4g/500mg Pow. For Inj.', 'Vial', 525.00, 30, 500, 19, '0000-00-00', '00:00:00', '2017-10-07', '02:38:20', 1, 1002),
	(10051, '', 'RABACTAM', 'Piperacillin (as sodium) + Tazobactam (as sodium) ', '4g/500mg Pow. For Inj.', 'Vial', 525.00, 50, 260, 19, '0000-00-00', '00:00:00', '0000-00-00', '00:00:00', 1, 1002),
	(10052, '', 'ZEFTACARE', 'Ceftazidime (as pentahydrate) ', '1g Powder for Injection (IM/IV)', '1g/vial', 450.00, 65, 85, 19, '0000-00-00', '00:00:00', '2017-10-07', '04:02:14', 1, 1002),
	(10053, '', 'CEFZON', 'Ceftriaxone (as sodium) ', '1g Powder for Injection (IV/IM)', '1g/vial', 550.00, 25, 300, 19, '0000-00-00', '00:00:00', '0000-00-00', '00:00:00', 1, 1002),
	(10054, '', 'CEFTRINA', 'Ceftriaxone (as sodium) ', '1g Powder for Injection (IV/IM)', '1g/vial', 385.00, 50, 293, 19, '0000-00-00', '00:00:00', '2017-09-13', '05:50:01', 1, 1002),
	(10055, '', 'ROMECIL', 'Imipenem (as monohydrate) + Cilastatin (as sodium) ', '500mg/500mg Powder for Injection (IV infusion)', 'Vial', 1700.00, 50, 60, 19, '0000-00-00', '00:00:00', '0000-00-00', '00:00:00', 1, 1002),
	(10056, '', 'ROMECIL', '500mg/500mg Powder for Injection (IV infusion)', '500mg/500mg Powder for Injection (IV infusion)', 'Vial', 1700.00, 65, 88, 19, '0000-00-00', '00:00:00', '0000-00-00', '00:00:00', 1, 1002),
	(10057, '', 'DOBUMEAN', 'Dobutamine Hydrochloride', '12.5mg/mL (250mg/20mL) Solution for inj. (IV infusion)', '20mL/vial', 1450.00, 50, 90, 19, '0000-00-00', '00:00:00', '0000-00-00', '00:00:00', 1, 1002),
	(10058, '', 'ADIGO', 'Digoxin', '250mcg/mL Solution for Injection (IM/IV) ', 'amp', 165.00, 50, 40, 19, '0000-00-00', '00:00:00', '2017-08-24', '22:12:03', 1, 1002),
	(10059, '', 'NUTRILON', ' Solution for IV Injection', '5% Amino Acids in 5% Sorbitol', 'Bot. of 500mL', 850.00, 80, 160, 19, '0000-00-00', '00:00:00', '0000-00-00', '00:00:00', 1, 1002),
	(10060, '', 'NUTRIMIN ', ' Amino Acids in  Sorbitol', 'Solution for IV Injection 20mL', 'Bot. of 20mL', 450.00, 50, 170, 19, '0000-00-00', '00:00:00', '0000-00-00', '00:00:00', 1, 1002),
	(10061, '', 'MPSS 1000', 'Methylprednisone (as sodium succinate)', '1g Pow. for Inj. w/ diluent', 'Vial', 4200.00, 50, 100, 19, '0000-00-00', '00:00:00', '0000-00-00', '00:00:00', 1, 1002),
	(10062, '4806517950878', 'AMPITREX', 'Ampicillin (as sodium)', '1g Powder for Injection (IM/IV)', '1g/vial', 40.00, 80, 212, 19, '0000-00-00', '00:00:00', '2017-10-07', '02:43:46', 1, 1002),
	(10063, '', 'SUMPILIN', 'Ampicillin Sodium', '500mg Powder for Injection', 'Vial', 40.00, 50, 99, 19, '0000-00-00', '00:00:00', '0000-00-00', '00:00:00', 1, 1002),
	(10064, '', 'SODAMPEN 250', 'Ampicilin Sodium 250mg Powder for Injection BP I.M./I.V. ', '250mg Powder for Injection BP I.M./I.V. ', 'Vial', 58.00, 50, 80, 19, '0000-00-00', '00:00:00', '0000-00-00', '00:00:00', 1, 1002),
	(10065, '', 'SODAMPEN 1g', 'Ampicillin Sodium', '1g Powder for Injection (IM/IV)', 'Vial', 60.00, 80, 320, 19, '0000-00-00', '00:00:00', '0000-00-00', '00:00:00', 1, 1002),
	(10066, '', 'AMPICARE', 'Ampicillin (as sodium) + Sulbactam (as sodium)', '500mg/250mg Powder for Inj. (IM/IV)', 'Vial', 198.00, 65, 200, 19, '0000-00-00', '00:00:00', '0000-00-00', '00:00:00', 1, 1002),
	(10067, '', 'AMPINEX 750mg', 'Ampicillin Sodium + Sulbactam Sodium', '500mg/250mg Powder  for Inj. (IM/IV)', 'Vial', 199.00, 50, 180, 19, '0000-00-00', '00:00:00', '0000-00-00', '00:00:00', 1, 1002),
	(10068, '', 'AMPINEX 1.5', 'Ampicillin Sodium + Sulbactam Sodium ', '500mg/250mg Powder  for Inj. (IM/IV)', 'Vial', 199.00, 50, 100, 19, '0000-00-00', '00:00:00', '0000-00-00', '00:00:00', 1, 1002),
	(10069, '', 'GRAVITAM', 'Ampicillin Sodium + Sulbactam Sodium ', '1g/500mg Powder  for Inj. (IM/IV)', 'Vial', 179.00, 50, 70, 19, '0000-00-00', '00:00:00', '2017-10-05', '05:24:35', 1, 1002),
	(10070, '', 'CEFAZIN', 'Cefazolin Sodium 1g Powder for Injection (IM/IV)', '1g/500mg Powder  for Inj. (IM/IV)', 'Vial', 183.00, 50, 20, 19, '0000-00-00', '00:00:00', '0000-00-00', '00:00:00', 1, 1002),
	(10071, '', 'AMICARE', 'Amikacin as Sulfate ', '125/mL (250mg/2mL) sol. For Inj. IM/IV', '2mL amp', 89.00, 50, 80, 19, '0000-00-00', '00:00:00', '0000-00-00', '00:00:00', 1, 1002),
	(10072, '', 'HYDROZONE', 'Hydrocortisone (as sodium succinate)', '100mg Powder for Injection', 'Vial', 80.00, 50, 90, 19, '0000-00-00', '00:00:00', '0000-00-00', '00:00:00', 1, 1002),
	(10073, '', 'CORBAL', 'Hydrocortisone (as sodium succinate) ', '100mg Powder for Injection', 'Vial', 81.00, 50, 100, 19, '0000-00-00', '00:00:00', '0000-00-00', '00:00:00', 1, 1002),
	(10074, '', 'ASCOL', 'Citicoline 250mg/mL Injection', '250mg/mL Injection', '4mL/amp', 83.00, 50, 120, 19, '0000-00-00', '00:00:00', '2017-10-04', '14:08:27', 1, 1002),
	(10075, '', 'KETOLON', 'Ketorolac Trometarol ', '30mg/mL Solution for Injection (IM/IV) ', '1ml/amp', 93.00, 50, 80, 19, '0000-00-00', '00:00:00', '0000-00-00', '00:00:00', 1, 1002),
	(10076, '', 'ACIFOX', 'Cefoxitin (as sodium) ', '1g Powder for Injection IM/IV', '1g/vial', 720.00, 50, 9, 19, '0000-00-00', '00:00:00', '2017-09-30', '16:28:45', 1, 1002),
	(10077, '', 'ULTRAGYL', 'Metronidazole', '5mg/mL Sol. for Infusion', 'Bot. of 100mL', 160.00, 50, 0, 19, '0000-00-00', '00:00:00', '0000-00-00', '00:00:00', 1, 1002),
	(10078, '', 'METRODIME', 'Metronidazole', '500mg/100mL Sol. for Infusion  (5mg/mL)', 'Bot. of 100mL', 160.00, 30, 230, 19, '0000-00-00', '00:00:00', '0000-00-00', '00:00:00', 1, 1002),
	(10079, '', 'SELEGESIC', 'Paracetamol 150mg/mL (300mg/2mL) Solution for Injection (I.M/I.V)', '150mg/mL (300mg/2mL) Solution for Injection (I.M/I.V)', 'Box of 10\'s', 160.00, 80, 66, 19, '0000-00-00', '00:00:00', '2017-10-04', '01:04:04', 1, 1002),
	(10080, '', 'NICARIGHT', 'Nicardipine Hydrochloride 1mg/mL Solution for IV Injection 10mL', '1mg/mL Solution for IV Injection 10mL', 'Box of 5 amps', 800.00, 50, 150, 19, '0000-00-00', '00:00:00', '0000-00-00', '00:00:00', 1, 1002),
	(10081, '', 'NEUPIME', 'Cefepime (as hydrocholoride) 1g/vial Powder for Injection', '1g/vial Powder for Injection', '1g/vial', 490.00, 50, 274, 19, '0000-00-00', '00:00:00', '0000-00-00', '00:00:00', 1, 1002),
	(10082, '', 'GROXIME', 'Cefuroxime Sodium', '750mg Powder for Injection', 'Vial', 280.00, 30, 60, 19, '0000-00-00', '00:00:00', '0000-00-00', '00:00:00', 1, 1002),
	(10083, '', 'TRANEXAN', 'Tranexamic Acid', '100mg/mL ( 500mg/5mL) Sol. For. Inj. (IV)', 'Box of 10 amps', 275.00, 70, 250, 19, '0000-00-00', '00:00:00', '0000-00-00', '00:00:00', 1, 1002),
	(10084, '', 'RANIVIC', 'Ranitidine', '50mg/2mL Sterile Solution for Injection', 'amp', 50.00, 25, 50, 19, '0000-00-00', '00:00:00', '0000-00-00', '00:00:00', 1, 1002),
	(10085, '', 'AGLOTAC', 'Ranitidine', '50mg/2mL Sterile Solution for Injection', 'amp', 50.00, 50, 21, 19, '0000-00-00', '00:00:00', '2017-10-04', '20:47:53', 1, 1002),
	(10086, '', 'WESTRAN', 'Ranitidine', '50mg/2mL Sterile Solution for Injection', 'amp', 50.00, 50, 120, 19, '0000-00-00', '00:00:00', '0000-00-00', '00:00:00', 1, 1002),
	(10087, '', 'OXAN', 'Oxacillin (as sodium) ', '500mg Powder for Injection IM/IV', '500mg/Vial', 185.00, 50, 90, 19, '0000-00-00', '00:00:00', '0000-00-00', '00:00:00', 1, 1002),
	(10088, '', 'VECTOPLEX', 'Thiamine Hcl + Pyridoxine Hcl + Cyanocobalamin + Nicotinamide + D-Panthenol', '33.3mg/33.3mg/333 mcg/ 20mg/5 mg per mL Solution for Inj. (IM/IV) 3mL', 'Box of 5 amps', 60.00, 50, 275, 19, '0000-00-00', '00:00:00', '0000-00-00', '00:00:00', 1, 1002),
	(10090, '', 'BENZAPEN', 'Benzathine Benzylpenicilin', '1,200,000 Units (IM)', 'vial', 60.00, 50, 90, 19, '0000-00-00', '00:00:00', '0000-00-00', '00:00:00', 1, 1002),
	(10091, '', 'WESTROBEX', 'GENTAMICIN SULFATE', '40mg/mL (80mg/2mL) Solution for Inj', 'Vial', 120.00, 50, 150, 19, '0000-00-00', '00:00:00', '0000-00-00', '00:00:00', 1, 1002),
	(10092, '', 'GENTACARE', 'GENTAMICIN SULFATE', '80mg/2mL (40mg/mL) Solution for inj.', '2mL/amps', 120.00, 50, 190, 19, '0000-00-00', '00:00:00', '0000-00-00', '00:00:00', 1, 1002),
	(10093, '', 'SPAMEX', 'Hyoscine -N-Butylbromide', '20mg/mL Solution for injection', 'amp', 160.00, 50, 75, 19, '0000-00-00', '00:00:00', '0000-00-00', '00:00:00', 1, 1002),
	(10094, '', 'HYPHEN', 'Diphenhydramine Hydochloride', '50mg/mL Solution for injection', '1ml/amp', 180.00, 50, 200, 19, '0000-00-00', '00:00:00', '0000-00-00', '00:00:00', 1, 1002),
	(10095, '', 'METOCLOR', 'Metoclopramide hydrochloride ', '5mg/mL (10mg/2mL) Solution for injection', '2ml/amp', 185.00, 25, 175, 19, '0000-00-00', '00:00:00', '0000-00-00', '00:00:00', 1, 1002),
	(10096, '', 'CEFOLAN', 'Cefotaxime Sodium', '1 gram Powder for Injection', 'Vial', 158.00, 50, 215, 19, '0000-00-00', '00:00:00', '2017-10-02', '02:02:21', 1, 1002),
	(10097, '', 'OMECISE', 'Omeprazole Sodium', '40mg Lyophilized Powder for Inj', 'Vial', 291.00, 50, 200, 19, '0000-00-00', '00:00:00', '0000-00-00', '00:00:00', 1, 1002),
	(10098, '', 'OMCARE', 'Omeprazole Sodium', '40mg Lyophilized Powder for Inj (IV)', '40mg/vial', 291.00, 30, 310, 19, '0000-00-00', '00:00:00', '0000-00-00', '00:00:00', 1, 1002),
	(10099, '', 'CONGESTRIL', 'Chlorphenaramine Maleate', '1mg/Dextromethorpan..15mg/', 'Bot of 60ml', 100.00, 65, 392, 20, '0000-00-00', '00:00:00', '2017-10-01', '19:09:07', 1, 1002),
	(10100, '', 'CONGESTRIL', 'Paracetamol', '100mg/Phenylpropanolamine..12.5mg   Syrup', 'Bot of 60ml', 100.00, 80, 400, 20, '0000-00-00', '00:00:00', '2017-10-07', '04:03:10', 1, 1002),
	(10101, '', 'CONGESTRIL Forte', 'Chlorphenaramine Maleate', '1mg/Dextromethorpan..15mg/', 'Box of 100\'s', 11.00, 50, 335, 20, '0000-00-00', '00:00:00', '2017-10-06', '04:25:22', 1, 1002),
	(10102, '', 'CONGESTRIL Forte', 'Paracetamol', '325mg/Phenylpropanolamine. 10mg Cap.', 'Box of 100\'s', 11.00, 80, 175, 20, '0000-00-00', '00:00:00', '2017-10-07', '00:49:40', 1, 1002),
	(10103, '', 'PPB', 'Phenylpropanolamine Hcl Phenylephrine Hcl Brompheniramine Maleate', '2.5mg/2.5mg/2mg per mL Syrup (Oral Drops)', 'Bot. of 15mL', 82.00, 50, 150, 20, '0000-00-00', '00:00:00', '0000-00-00', '00:00:00', 1, 1002),
	(10105, '', 'EMISET', 'Domperidone Maleate', '10mg Film Coated Tablet', 'Box of 100\'s', 9.00, 50, 80, 21, '0000-00-00', '00:00:00', '0000-00-00', '00:00:00', 1, 1002),
	(10106, '', 'PERISPA', 'Eperisone Hcl 50mg Sugar Coated Tablet', '50mg Sugar Coated Tablet', 'Box of 30\'s', 22.00, 30, 62, 22, '0000-00-00', '00:00:00', '2017-10-04', '01:04:04', 1, 1002),
	(10107, '', 'BRONEX', 'Budesonide 250mcg/mL Nebulizing Suspension', '250mcg/mL Nebulizing Suspension', '2ml/amps', 23.00, 50, 70, 23, '0000-00-00', '00:00:00', '0000-00-00', '00:00:00', 1, 1002),
	(10108, '', 'MUPIBAN', 'Mupirocin', '20mg/g (2.0% w/w) Ointment 5g', '5g/tube', 240.00, 70, 140, 24, '0000-00-00', '00:00:00', '0000-00-00', '00:00:00', 1, 1002),
	(10109, '', 'TOBYN-D', 'Tobramycin + Dexamethasone', '3mg/1mg (0.3%/0.1%)per mL Opthalmic Sol. (Drops)', '10ml/bot', 33.00, 70, 210, 25, '0000-00-00', '00:00:00', '0000-00-00', '00:00:00', 1, 1002),
	(10110, '', 'APPETOLL', 'Vitamin B Complex + Iron + Buclizine HCl 100\'s', 'HCl 100\'s', 'Box of 100\'s', 16.00, 50, 120, 26, '0000-00-00', '00:00:00', '0000-00-00', '00:00:00', 1, 1002),
	(10111, '', 'MYREVIT-B Forte', 'Vit. B1..500mg/Vit. B6..250mg/Vit. B12..1mg  Tab.', '500mg/Vit. B6..250mg/Vit. B12..1mg  Tab.', 'Box 0f 100\'s', 9.00, 50, 200, 26, '0000-00-00', '00:00:00', '0000-00-00', '00:00:00', 1, 1002),
	(10112, '', 'CELERPLEX', '(Vitamin B-Complex + Lysine + Buclizine ) Capsule', '500mg/Vit. B6..250mg/Vit. B12..1mg  Tab.', 'Box 0f 100\'s', 14.00, 50, 20, 26, '0000-00-00', '00:00:00', '0000-00-00', '00:00:00', 1, 1002),
	(10113, '', 'Alamin FeZ', 'Amino Acids + Multivitamins + Minerals Capsule', '500mg/Vit. B6..250mg/Vit. B12..1mg  Tab.', 'Box 0f 20\'s', 16.00, 50, 48, 26, '0000-00-00', '00:00:00', '2017-10-07', '01:09:00', 1, 1002),
	(10114, '', 'OBYCON', 'Ferrous Fumarat', '500mg+ Vitamins B2 ,2mg + B12  3mcg + Folic Acid 230mcg (capsule)', 'Box 0f 100\'s', 7.00, 50, 280, 26, '0000-00-00', '00:00:00', '0000-00-00', '00:00:00', 1, 1002),
	(10124, '4806515270428', 'CLX', 'Cloxacillin Sodium', '125mg/5ml Powder for Suspension', '60 ml bottle', 85.00, 50, 50, 10, '2017-09-13', '04:59:28', '0000-00-00', '00:00:00', 1, 0),
	(10125, '12', 'JOEY', 'RODRIGO', '125mg/5ml Powder for Suspension', '60 ml bottle', 1000.00, 40, 0, 13, '2017-09-13', '14:05:04', '2017-10-10', '22:25:53', 0, 0);
/*!40000 ALTER TABLE `tbl_product` ENABLE KEYS */;

-- Dumping structure for table db_sungem.tbl_prod_supplier
CREATE TABLE IF NOT EXISTS `tbl_prod_supplier` (
  `p_supplier_id` int(10) unsigned NOT NULL AUTO_INCREMENT,
  `pro_id` int(5) NOT NULL DEFAULT '0',
  `supplier_id` int(4) NOT NULL DEFAULT '0',
  `lot_number` varchar(50) NOT NULL DEFAULT '',
  `quantity` int(8) NOT NULL DEFAULT '0',
  `date_added` date NOT NULL DEFAULT '0000-00-00',
  `time_added` time NOT NULL DEFAULT '00:00:00',
  `usr_id` int(4) NOT NULL DEFAULT '0',
  PRIMARY KEY (`p_supplier_id`),
  KEY `prod_id` (`pro_id`),
  KEY `supplier_id` (`supplier_id`),
  KEY `usr_id` (`usr_id`)
) ENGINE=MyISAM AUTO_INCREMENT=1000000158 DEFAULT CHARSET=latin1;

-- Dumping data for table db_sungem.tbl_prod_supplier: 152 rows
/*!40000 ALTER TABLE `tbl_prod_supplier` DISABLE KEYS */;
INSERT INTO `tbl_prod_supplier` (`p_supplier_id`, `pro_id`, `supplier_id`, `lot_number`, `quantity`, `date_added`, `time_added`, `usr_id`) VALUES
	(1000000001, 10039, 1002, '1111', 10, '2017-07-09', '21:51:58', 1002),
	(1000000002, 10076, 1002, '2222', 18, '2017-07-09', '21:51:58', 1002),
	(1000000003, 10058, 1002, '3333', 40, '2017-07-09', '21:51:58', 1002),
	(1000000004, 10039, 1005, '1111', 40, '2017-07-09', '21:54:08', 1002),
	(1000000005, 10039, 1002, '1111', 20, '2017-07-09', '21:55:07', 1002),
	(1000000006, 10101, 1001, '1234', 50, '2017-07-09', '07:36:38', 1002),
	(1000000007, 10039, 1007, '5858', 30, '2017-07-09', '03:09:16', 1002),
	(1000000008, 10101, 1002, '7896', 50, '2017-07-09', '23:46:55', 1002),
	(1000000009, 10101, 1003, '1111', 50, '2017-07-12', '02:21:03', 1002),
	(1000000010, 10039, 1004, '1111', 50, '2017-07-17', '00:03:28', 1002),
	(1000000011, 10039, 1005, '1212', 30, '2017-07-19', '23:30:02', 1002),
	(1000000012, 10100, 1005, '7777', 75, '2017-07-27', '17:53:12', 1002),
	(1000000013, 10039, 1006, '9090', 19, '2017-07-31', '10:17:19', 1002),
	(1000000014, 10076, 1006, '5050', 20, '2017-07-31', '10:17:19', 1002),
	(1000000015, 10039, 1002, '85594', 20, '2017-07-31', '12:23:09', 1002),
	(1000000016, 10085, 1005, '4965', 50, '2017-08-02', '04:21:17', 1002),
	(1000000017, 10090, 1005, '4686', 50, '2017-08-02', '04:21:17', 1002),
	(1000000018, 10107, 1008, '9685', 50, '2017-08-04', '14:39:39', 1002),
	(1000000019, 10102, 1002, '8989', 100, '2017-08-24', '22:20:42', 1002),
	(1000000020, 10039, 1003, '1111', 50, '2017-09-03', '11:30:35', 1002),
	(1000000026, 10039, 1002, '85594', 25, '2017-09-09', '09:06:59', 1002),
	(1000000027, 10076, 1002, '789SAS', 60, '2017-09-13', '05:28:25', 1002),
	(1000000028, 10058, 1002, '98ASJDNS', 35, '2017-09-13', '05:28:25', 1002),
	(1000000029, 10113, 1002, '87SAD', 50, '2017-09-13', '05:28:25', 1002),
	(1000000030, 10067, 1002, '125268', 80, '2017-09-13', '05:28:25', 1002),
	(1000000031, 10054, 1008, 'POS982A', 40, '2017-09-13', '05:29:15', 1002),
	(1000000032, 10110, 1003, 'ASD001', 20, '2017-09-13', '09:17:37', 1002),
	(1000000033, 10074, 1003, 'ASD002', 20, '2017-09-13', '09:17:37', 1002),
	(1000000034, 10041, 1003, 'ASD014', 20, '2017-09-13', '09:17:37', 1002),
	(1000000035, 10110, 1005, 'ASD001', 20, '2017-09-13', '09:20:09', 1002),
	(1000000036, 10074, 1005, 'ASD122', 20, '2017-09-13', '09:20:09', 1002),
	(1000000037, 10041, 1005, 'ASD121', 20, '2017-09-13', '09:20:09', 1002),
	(1000000038, 10011, 1005, 'ASD004', 20, '2017-09-13', '09:20:09', 1002),
	(1000000039, 10090, 1006, 'ASD013', 20, '2017-09-13', '09:21:29', 1002),
	(1000000040, 10107, 1006, 'ASD006', 20, '2017-09-13', '09:21:29', 1002),
	(1000000041, 10070, 1006, 'ASD007', 20, '2017-09-13', '09:21:29', 1002),
	(1000000042, 10096, 1007, 'ASD010', 200, '2017-09-13', '09:23:39', 1002),
	(1000000043, 10054, 1007, 'ASD011', 200, '2017-09-13', '09:23:39', 1002),
	(1000000044, 10053, 1007, 'ASD012', 200, '2017-09-13', '09:23:39', 1002),
	(1000000045, 10090, 1008, 'ASD005', 20, '2017-09-13', '09:26:44', 1002),
	(1000000046, 10041, 1008, 'ASD003', 20, '2017-09-13', '09:26:44', 1002),
	(1000000047, 10053, 1008, 'ASD015', 20, '2017-09-13', '09:26:44', 1002),
	(1000000048, 10112, 1001, 'ASD016', 20, '2017-09-13', '09:30:58', 1002),
	(1000000049, 10007, 1001, 'ASD017', 20, '2017-09-13', '09:30:58', 1002),
	(1000000050, 10074, 1001, 'ASD018', 20, '2017-09-13', '09:30:58', 1002),
	(1000000051, 10009, 1004, 'ASD020', 20, '2017-09-13', '09:36:19', 1002),
	(1000000052, 10073, 1004, 'ASD021', 20, '2017-09-13', '09:36:19', 1002),
	(1000000053, 10096, 1004, 'ASD022', 20, '2017-09-13', '09:36:19', 1002),
	(1000000054, 10050, 1002, '123456', 500, '2017-09-13', '14:11:44', 1002),
	(1000000055, 10124, 1006, 'df32532', 50, '2017-09-15', '13:53:03', 1002),
	(1000000056, 10039, 1006, '7658745', 80, '2017-09-15', '13:53:03', 1002),
	(1000000057, 10052, 1008, '19191919', 85, '2017-09-21', '14:45:01', 1003),
	(1000000058, 10012, 1008, '18181818', 200, '2017-09-21', '14:45:01', 1003),
	(1000000059, 10017, 1008, '17171717', 120, '2017-09-21', '14:45:01', 1003),
	(1000000060, 10040, 1004, '292929', 100, '2017-09-21', '14:46:33', 1003),
	(1000000061, 10018, 1004, '282828', 220, '2017-09-21', '14:46:33', 1003),
	(1000000062, 10019, 1004, '272727', 170, '2017-09-21', '14:46:33', 1003),
	(1000000063, 10091, 1006, '2424242', 150, '2017-09-21', '14:49:37', 1003),
	(1000000064, 10086, 1006, '252525', 120, '2017-09-21', '14:49:37', 1003),
	(1000000065, 10026, 1006, '262626', 100, '2017-09-21', '14:49:37', 1003),
	(1000000066, 10027, 1006, '212121', 80, '2017-09-21', '14:49:37', 1003),
	(1000000067, 10028, 1006, '222222', 75, '2017-09-21', '14:49:37', 1003),
	(1000000068, 10001, 1006, '232323', 60, '2017-09-21', '14:49:37', 1003),
	(1000000069, 10003, 1006, '313131', 50, '2017-09-21', '14:49:37', 1003),
	(1000000070, 10002, 1006, '3232323', 75, '2017-09-21', '14:49:37', 1003),
	(1000000071, 10100, 1008, '696969', 90, '2017-09-21', '14:51:27', 1003),
	(1000000072, 10029, 1008, '686868', 85, '2017-09-21', '14:51:27', 1003),
	(1000000073, 10030, 1008, '676767', 75, '2017-09-21', '14:51:27', 1003),
	(1000000074, 10031, 1008, '66666', 60, '2017-09-21', '14:51:27', 1003),
	(1000000075, 10032, 1008, '6565656', 50, '2017-09-21', '14:51:27', 1003),
	(1000000076, 10074, 1005, '8558585', 80, '2017-09-21', '14:53:59', 1003),
	(1000000077, 10041, 1005, '8787878', 80, '2017-09-21', '14:53:59', 1003),
	(1000000078, 10110, 1005, '898989', 80, '2017-09-21', '14:53:59', 1003),
	(1000000079, 10054, 1005, '888888', 80, '2017-09-21', '14:53:59', 1003),
	(1000000080, 10053, 1005, '848484', 80, '2017-09-21', '14:53:59', 1003),
	(1000000081, 10068, 1001, '845a58', 100, '2017-09-21', '14:56:48', 1003),
	(1000000082, 10067, 1001, 'abc89', 100, '2017-09-21', '14:56:48', 1003),
	(1000000083, 10071, 1001, 'f785fsa', 80, '2017-09-21', '14:56:48', 1003),
	(1000000084, 10082, 1001, 'ert895s', 60, '2017-09-21', '14:56:48', 1003),
	(1000000085, 10073, 1001, '885562sa', 80, '2017-09-21', '14:56:48', 1003),
	(1000000086, 10075, 1001, '12s5s4d', 80, '2017-09-21', '14:56:48', 1003),
	(1000000087, 10066, 1003, '494847', 200, '2017-09-21', '15:03:04', 1003),
	(1000000088, 10044, 1003, '456ASD', 150, '2017-09-21', '15:03:04', 1003),
	(1000000089, 10046, 1003, 'ATR5456', 160, '2017-09-21', '15:03:04', 1003),
	(1000000090, 10047, 1003, 'ERQ8456', 175, '2017-09-21', '15:03:04', 1003),
	(1000000091, 10099, 1003, 'POS456', 400, '2017-09-21', '15:03:04', 1003),
	(1000000092, 10100, 1003, 'PLSK785', 250, '2017-09-21', '15:03:04', 1003),
	(1000000093, 10101, 1003, 'ERF7854', 300, '2017-09-21', '15:03:04', 1003),
	(1000000094, 10102, 1003, 'HDT456', 150, '2017-09-21', '15:03:04', 1003),
	(1000000095, 10021, 1003, 'TE2123', 700, '2017-09-21', '15:03:04', 1003),
	(1000000096, 10022, 1003, 'LOP656', 200, '2017-09-21', '15:03:04', 1003),
	(1000000097, 10061, 1003, 'PWWW85', 100, '2017-09-21', '15:03:04', 1003),
	(1000000098, 10108, 1003, '456ASH', 140, '2017-09-21', '15:03:04', 1003),
	(1000000099, 10080, 1003, 'QYD789', 150, '2017-09-21', '15:03:04', 1003),
	(1000000100, 10095, 1003, 'KL4474', 175, '2017-09-21', '15:03:04', 1003),
	(1000000101, 10037, 1003, 'KLS888', 200, '2017-09-21', '15:03:04', 1003),
	(1000000102, 10007, 1007, '77878', 200, '2017-09-21', '15:04:38', 1003),
	(1000000103, 10006, 1007, '778DA', 250, '2017-09-21', '15:04:38', 1003),
	(1000000104, 10008, 1007, '77SDA', 275, '2017-09-21', '15:04:38', 1003),
	(1000000105, 10009, 1007, '887ASD', 225, '2017-09-21', '15:04:38', 1003),
	(1000000106, 10062, 1005, '56QQQ', 200, '2017-09-21', '15:05:47', 1003),
	(1000000107, 10005, 1005, 'EEE54', 240, '2017-09-21', '15:05:47', 1003),
	(1000000108, 10004, 1005, 'RRR45', 200, '2017-09-21', '15:05:47', 1003),
	(1000000109, 10045, 1004, 'MM111', 150, '2017-09-21', '15:12:09', 1003),
	(1000000110, 10035, 1004, 'MM222', 350, '2017-09-21', '15:12:09', 1003),
	(1000000111, 10048, 1004, 'MM333', 200, '2017-09-21', '15:12:09', 1003),
	(1000000112, 10057, 1004, 'MM444', 90, '2017-09-21', '15:12:09', 1003),
	(1000000113, 10105, 1004, 'MM555', 80, '2017-09-21', '15:12:09', 1003),
	(1000000114, 10038, 1004, 'MM666', 75, '2017-09-21', '15:12:09', 1003),
	(1000000115, 10014, 1004, 'MM777', 65, '2017-09-21', '15:12:09', 1003),
	(1000000116, 10015, 1004, 'MM888', 100, '2017-09-21', '15:12:09', 1003),
	(1000000117, 10092, 1004, 'MM999', 190, '2017-09-21', '15:12:09', 1003),
	(1000000118, 10010, 1004, 'MM123', 300, '2017-09-21', '15:12:09', 1003),
	(1000000119, 10069, 1004, 'MM654', 80, '2017-09-21', '15:12:09', 1003),
	(1000000120, 10072, 1004, 'MM789', 90, '2017-09-21', '15:12:09', 1003),
	(1000000121, 10094, 1008, 'RRR111', 200, '2017-09-21', '15:21:57', 1003),
	(1000000122, 10016, 1008, 'RRR222', 240, '2017-09-21', '15:21:57', 1003),
	(1000000123, 10078, 1008, 'RRR333', 230, '2017-09-21', '15:21:57', 1003),
	(1000000124, 10013, 1008, 'RRR444', 210, '2017-09-21', '15:21:57', 1003),
	(1000000125, 10111, 1008, 'RRR555', 200, '2017-09-21', '15:21:57', 1003),
	(1000000126, 10036, 1008, 'RRR666', 285, '2017-09-21', '15:21:57', 1003),
	(1000000127, 10081, 1008, 'RRR777', 274, '2017-09-21', '15:21:57', 1003),
	(1000000128, 10042, 1008, 'RRR888', 156, '2017-09-21', '15:21:57', 1003),
	(1000000129, 10059, 1008, 'RRR999', 160, '2017-09-21', '15:21:57', 1003),
	(1000000130, 10060, 1008, 'RRR123', 170, '2017-09-21', '15:21:57', 1003),
	(1000000131, 10020, 1008, 'RRR321', 240, '2017-09-21', '15:21:57', 1003),
	(1000000132, 10114, 1008, 'RR56R', 280, '2017-09-21', '15:21:57', 1003),
	(1000000133, 10098, 1008, 'RRR789', 310, '2017-09-21', '15:21:57', 1003),
	(1000000134, 10049, 1003, 'DDD111', 180, '2017-09-21', '15:28:16', 1003),
	(1000000135, 10087, 1003, 'DDD222', 90, '2017-09-21', '15:28:16', 1003),
	(1000000136, 10106, 1003, 'DDD333', 80, '2017-09-21', '15:28:16', 1003),
	(1000000137, 10103, 1003, 'DDD444', 150, '2017-09-21', '15:28:16', 1003),
	(1000000138, 10023, 1003, 'DDD555', 200, '2017-09-21', '15:28:16', 1003),
	(1000000139, 10024, 1003, 'DDD666', 150, '2017-09-21', '15:28:16', 1003),
	(1000000140, 10025, 1003, 'DDD777', 180, '2017-09-21', '15:28:16', 1003),
	(1000000141, 10051, 1003, 'DDD888', 260, '2017-09-21', '15:28:16', 1003),
	(1000000142, 10084, 1003, 'DDD999', 50, '2017-09-21', '15:28:16', 1003),
	(1000000143, 10055, 1003, 'KKK111', 60, '2017-09-21', '15:28:16', 1003),
	(1000000144, 10056, 1003, 'KKK222', 88, '2017-09-21', '15:28:16', 1003),
	(1000000145, 10079, 1003, 'KKK333', 75, '2017-09-21', '15:28:16', 1003),
	(1000000146, 10033, 1003, 'KKK444', 105, '2017-09-21', '15:28:16', 1003),
	(1000000147, 10034, 1003, 'KKK555', 165, '2017-09-21', '15:28:16', 1003),
	(1000000148, 10097, 1008, 'PPP111', 200, '2017-09-21', '15:32:06', 1003),
	(1000000149, 10065, 1008, 'PPP222', 320, '2017-09-21', '15:32:06', 1003),
	(1000000150, 10064, 1008, 'PPP333', 80, '2017-09-21', '15:32:06', 1003),
	(1000000151, 10093, 1008, 'PPP444', 75, '2017-09-21', '15:32:06', 1003),
	(1000000152, 10063, 1008, 'PPP555', 99, '2017-09-21', '15:32:06', 1003),
	(1000000153, 10043, 1008, 'PPP666', 120, '2017-09-21', '15:32:06', 1003),
	(1000000154, 10109, 1008, 'PPP777', 210, '2017-09-21', '15:32:06', 1003),
	(1000000155, 10083, 1008, 'PPP888', 250, '2017-09-21', '15:32:06', 1003),
	(1000000156, 10088, 1008, 'PPP999', 275, '2017-09-21', '15:32:06', 1003),
	(1000000157, 10062, 1027, '1855845h', 40, '2017-10-07', '02:40:24', 1002);
/*!40000 ALTER TABLE `tbl_prod_supplier` ENABLE KEYS */;

-- Dumping structure for table db_sungem.tbl_requests
CREATE TABLE IF NOT EXISTS `tbl_requests` (
  `request_id` int(4) unsigned NOT NULL AUTO_INCREMENT,
  `username` varchar(150) NOT NULL DEFAULT '',
  `password` varchar(150) NOT NULL DEFAULT '',
  `name` varchar(150) NOT NULL DEFAULT '',
  `usr_FName` varchar(150) NOT NULL DEFAULT '',
  `usr_LName` varchar(150) NOT NULL DEFAULT '',
  `lto_no` varchar(50) NOT NULL DEFAULT '',
  `area_id` int(2) NOT NULL DEFAULT '0',
  `address` varchar(500) NOT NULL DEFAULT '',
  `contact_no` varchar(20) NOT NULL DEFAULT '',
  `email` varchar(50) NOT NULL DEFAULT '',
  `date_requested` date NOT NULL DEFAULT '0000-00-00',
  `time_requested` time NOT NULL DEFAULT '00:00:00',
  PRIMARY KEY (`request_id`)
) ENGINE=MyISAM AUTO_INCREMENT=2012 DEFAULT CHARSET=latin1;

-- Dumping data for table db_sungem.tbl_requests: 1 rows
/*!40000 ALTER TABLE `tbl_requests` DISABLE KEYS */;
INSERT INTO `tbl_requests` (`request_id`, `username`, `password`, `name`, `usr_FName`, `usr_LName`, `lto_no`, `area_id`, `address`, `contact_no`, `email`, `date_requested`, `time_requested`) VALUES
	(2011, 'trebdenosaj', 'f75a80837b692246b38458c286fcad64', 'Botica Edberta', 'Edbert', 'Jason', '8888', 15, 'Purok Makaraig', '09998585474', 'trebdenosaj@gmail.com', '2017-09-13', '05:32:46');
/*!40000 ALTER TABLE `tbl_requests` ENABLE KEYS */;

-- Dumping structure for table db_sungem.tbl_supplier
CREATE TABLE IF NOT EXISTS `tbl_supplier` (
  `supplier_id` int(4) unsigned NOT NULL AUTO_INCREMENT,
  `supplier_name` varchar(50) NOT NULL DEFAULT '',
  `address` varchar(180) NOT NULL DEFAULT '',
  `contact_no` varchar(25) NOT NULL DEFAULT '',
  `email` varchar(50) NOT NULL DEFAULT '',
  `date_added` date NOT NULL DEFAULT '0000-00-00',
  `time_added` time NOT NULL DEFAULT '00:00:00',
  `date_modified` date NOT NULL DEFAULT '0000-00-00',
  `time_modified` time NOT NULL DEFAULT '00:00:00',
  `usr_id` int(4) NOT NULL DEFAULT '0',
  `status` int(2) NOT NULL DEFAULT '1',
  PRIMARY KEY (`supplier_id`),
  KEY `usr_id` (`usr_id`)
) ENGINE=MyISAM AUTO_INCREMENT=1030 DEFAULT CHARSET=latin1;

-- Dumping data for table db_sungem.tbl_supplier: 8 rows
/*!40000 ALTER TABLE `tbl_supplier` DISABLE KEYS */;
INSERT INTO `tbl_supplier` (`supplier_id`, `supplier_name`, `address`, `contact_no`, `email`, `date_added`, `time_added`, `date_modified`, `time_modified`, `usr_id`, `status`) VALUES
	(1004, 'WESTWING PHARMA SALES, INC.', '#51 Road I, Bagong Pag-asa, Quezon City', '09102316589', 'genericspharma@gmail.com', '2017-01-10', '12:59:36', '0000-00-00', '00:00:00', 1002, 1),
	(1003, 'CENTRAL WEST', 'Bl. 1,Lot 1 Easy Access Subd., Upper Pakigne, Minglanilla, Cebu', '09774658963', 'unilever@yahoo.com.ph', '2016-12-15', '12:45:45', '0000-00-00', '00:00:00', 1002, 1),
	(1002, 'AGLOBAL CARE, INC.', 'Unit 6, 2nd Floor Nassons Bldg. , 8467 West Service RoadSouth Super Hi-Way, Brgy. Sunvalley, Paranaque City', '09326420125', 'ritemed@gmail.com', '2016-12-04', '10:32:00', '0000-00-00', '00:00:00', 1002, 1),
	(1001, 'WERT PHILIPPINES, INC.', '#2003 Pres. E. Quirino Ave., Pandacan, Manila', '09228646598', 'phsupp@gmail.com', '2016-12-04', '09:23:00', '0000-00-00', '00:00:00', 1002, 1),
	(1005, 'ELLEBASY MEDICALE TRADING', 'Unit 201, DMC Bldg. Diamond St., Cor. Felix Ave. CV Homes, Cainta Rizal', '0915469785', 'sunpharma@gmail.com', '2017-01-20', '13:06:23', '2017-07-12', '01:32:33', 1002, 1),
	(1006, 'PHARMAKING DISTRIBUTOR, INC.', 'Sitio Sta. Cruz, Labogon, Mandaue City', '09436597752', 'pharmaking@gmail.com', '0000-00-00', '00:00:00', '2017-07-12', '01:17:45', 1002, 1),
	(1007, 'STANLEY PHARMACEUTICAL', 'Door1, Diaz Apartment, Legaspi St., Roxas City', '09226584110', 'stanley@gmail.com', '0000-00-00', '00:00:00', '2017-07-12', '01:17:56', 1002, 1),
	(1008, 'TRIPLE TACT IMPORT AND EXPORT CORPORATION', 'Rm. 701 Pacific Land Bldg. Corp,460 Quintin Paredes st., Binondo, Manila', '09104547796', 'tripletact@gmail.com', '0000-00-00', '00:00:00', '2017-07-12', '01:18:07', 1002, 1);
/*!40000 ALTER TABLE `tbl_supplier` ENABLE KEYS */;

-- Dumping structure for table db_sungem.tbl_users
CREATE TABLE IF NOT EXISTS `tbl_users` (
  `usr_id` int(4) unsigned NOT NULL AUTO_INCREMENT,
  `usr_username` varchar(8) NOT NULL DEFAULT '',
  `usr_password` varchar(100) NOT NULL DEFAULT '',
  `usr_firstname` varchar(180) NOT NULL DEFAULT '',
  `usr_lastname` varchar(180) NOT NULL DEFAULT '',
  `usr_date_added` date NOT NULL DEFAULT '0000-00-00',
  `usr_time_added` time NOT NULL DEFAULT '00:00:00',
  `usr_date_modified` date NOT NULL DEFAULT '0000-00-00',
  `usr_time_modified` time NOT NULL DEFAULT '00:00:00',
  `usr_stat` int(2) NOT NULL DEFAULT '1',
  `acc_photo` varchar(150) NOT NULL,
  `acc_id` int(2) NOT NULL DEFAULT '0',
  PRIMARY KEY (`usr_id`),
  KEY `acc_id` (`acc_id`)
) ENGINE=MyISAM AUTO_INCREMENT=1019 DEFAULT CHARSET=latin1;

-- Dumping data for table db_sungem.tbl_users: 5 rows
/*!40000 ALTER TABLE `tbl_users` DISABLE KEYS */;
INSERT INTO `tbl_users` (`usr_id`, `usr_username`, `usr_password`, `usr_firstname`, `usr_lastname`, `usr_date_added`, `usr_time_added`, `usr_date_modified`, `usr_time_modified`, `usr_stat`, `acc_photo`, `acc_id`) VALUES
	(1002, 'admin', '5f4dcc3b5aa765d61d8327deb882cf99', 'Gayle', 'Estevez', '2017-06-25', '21:31:02', '0000-00-00', '00:00:00', 1, 'img/users/1002.jpg', 4001),
	(1003, 'staff1', '5f4dcc3b5aa765d61d8327deb882cf99', 'Ricky', 'Aldea', '2017-07-10', '22:09:46', '0000-00-00', '00:00:00', 1, 'img/users/1003.jpg', 4002),
	(1008, 'staff2', '5f4dcc3b5aa765d61d8327deb882cf99', 'Asd', 'Admi', '2017-07-12', '01:15:37', '0000-00-00', '00:00:00', 1, 'img/users/1008.jpg', 4002),
	(1007, '1', '5f4dcc3b5aa765d61d8327deb882cf99', '1', '1', '2017-07-12', '01:13:40', '0000-00-00', '00:00:00', 0, '', 4002),
	(1009, '2', '5f4dcc3b5aa765d61d8327deb882cf99', '2', '2', '2017-07-12', '01:16:40', '0000-00-00', '00:00:00', 0, '', 4002);
/*!40000 ALTER TABLE `tbl_users` ENABLE KEYS */;

-- Dumping structure for table db_sungem.tbl_withdrawal
CREATE TABLE IF NOT EXISTS `tbl_withdrawal` (
  `withdraw_id` int(5) unsigned NOT NULL AUTO_INCREMENT,
  `description` varchar(180) NOT NULL DEFAULT '',
  `client_id` int(4) NOT NULL DEFAULT '0',
  `date_added` date NOT NULL DEFAULT '0000-00-00',
  `time_added` time NOT NULL DEFAULT '00:00:00',
  `usr_id` int(4) NOT NULL DEFAULT '0',
  PRIMARY KEY (`withdraw_id`),
  KEY `client_id` (`client_id`),
  KEY `usr_id` (`usr_id`)
) ENGINE=MyISAM AUTO_INCREMENT=90 DEFAULT CHARSET=latin1;

-- Dumping data for table db_sungem.tbl_withdrawal: 57 rows
/*!40000 ALTER TABLE `tbl_withdrawal` DISABLE KEYS */;
INSERT INTO `tbl_withdrawal` (`withdraw_id`, `description`, `client_id`, `date_added`, `time_added`, `usr_id`) VALUES
	(1, 'biogesic for kids', 1001, '2017-07-12', '10:12:00', 1002),
	(9, 'Damaged', 1005, '2017-07-26', '02:23:42', 1002),
	(8, 'Damaged', 1005, '2017-07-26', '02:22:50', 1002),
	(7, 'Damaged', 1005, '2017-07-26', '02:22:32', 1002),
	(6, 'Damaged', 1005, '2017-07-26', '02:20:21', 1002),
	(10, 'Damaged', 1005, '2017-07-26', '02:26:56', 1002),
	(11, 'Damaged', 1005, '2017-07-26', '02:28:59', 1002),
	(12, 'Damaged', 1005, '2017-07-26', '02:38:59', 1002),
	(13, 'Damaged', 1005, '2017-07-26', '02:49:42', 1002),
	(14, 'Damaged', 1005, '2017-07-26', '03:12:49', 1002),
	(15, 'Damaged', 1005, '2017-07-26', '03:15:03', 1002),
	(16, 'Damaged', 1005, '2017-07-26', '03:26:39', 1002),
	(17, 'Damaged', 1005, '2017-07-27', '17:44:27', 1002),
	(18, 'Damaged', 1008, '2017-07-27', '17:55:57', 1002),
	(52, 'Consignment', 1020, '2017-08-24', '22:24:16', 1002),
	(51, 'Consignment', 1006, '2017-08-02', '14:25:42', 1002),
	(50, 'Damaged', 1008, '2017-08-02', '14:22:32', 1002),
	(49, 'Damaged', 1005, '2017-07-31', '10:23:20', 1002),
	(41, 'Damaged', 1008, '2017-07-27', '20:56:35', 1002),
	(48, 'Consignment', 1006, '2017-07-27', '21:32:18', 1002),
	(53, 'Consignment', 1006, '2017-09-02', '13:15:34', 1002),
	(54, 'Consignment', 1006, '2017-09-02', '13:40:27', 1002),
	(55, 'Consignment', 1006, '2017-09-02', '13:42:11', 1002),
	(56, 'Consignment', 1016, '2017-09-02', '13:46:01', 1002),
	(57, 'Consignment', 1006, '2017-09-02', '13:47:54', 1002),
	(58, 'Consignment', 1006, '2017-09-02', '13:48:09', 1002),
	(59, 'Consignment', 1006, '2017-09-02', '13:51:26', 1002),
	(60, 'Consignment', 1016, '2017-09-02', '15:51:14', 1002),
	(61, 'Consignment', 1016, '2017-09-02', '15:51:37', 1002),
	(62, 'Withdraw Consignment', 1006, '2017-09-02', '07:53:13', 0),
	(63, 'Consignment', 1016, '2017-09-02', '18:08:15', 1002),
	(64, 'Consignment', 1016, '2017-09-03', '12:38:39', 1002),
	(65, 'Consignment', 1016, '2017-09-03', '12:41:54', 1002),
	(66, 'Consignment', 1016, '2017-09-03', '12:42:09', 1002),
	(67, 'Consignment', 1016, '2017-09-03', '12:42:17', 1002),
	(68, 'Consignment', 1016, '2017-09-03', '12:44:33', 1002),
	(69, 'Withdraw Consignment', 1006, '2017-09-03', '06:29:22', 0),
	(70, 'Withdraw Consignment', 1010, '2017-09-08', '05:23:32', 0),
	(71, 'Consignment', 1010, '2017-09-13', '05:21:02', 1002),
	(72, 'Damaged', 1008, '2017-09-13', '05:21:34', 1002),
	(73, 'Consignment', 1010, '2017-09-13', '05:24:36', 1002),
	(74, 'Consignment', 1010, '2017-09-13', '05:25:10', 1002),
	(75, 'Damaged', 1016, '2017-09-13', '14:14:11', 1002),
	(76, 'Consignment', 1001, '2017-09-13', '14:15:12', 1002),
	(77, 'Consignment', 1020, '2017-09-21', '20:56:37', 1003),
	(78, 'Consignment', 1018, '2017-09-21', '20:57:34', 1003),
	(79, 'Consignment', 1016, '2017-09-21', '20:58:25', 1003),
	(80, 'Consignment', 1016, '2017-09-30', '14:37:01', 1002),
	(81, 'Withdraw Consignment', 1016, '2017-09-29', '12:22:06', 0),
	(82, 'Withdraw Consignment', 1016, '2017-09-29', '12:49:17', 0),
	(83, 'Withdraw Consignment', 1016, '2017-10-01', '07:10:39', 0),
	(84, 'Withdraw Consignment', 1016, '2017-10-03', '12:31:24', 0),
	(85, 'Withdraw Consignment', 1016, '2017-10-03', '12:32:28', 0),
	(86, 'Withdraw Consignment', 1006, '2017-10-03', '12:34:40', 0),
	(87, 'Withdraw Consignment', 1016, '2017-10-03', '12:34:58', 0),
	(88, 'Damaged', 1008, '2017-10-11', '00:15:45', 1002),
	(89, 'Consignment', 1001, '2017-10-11', '00:27:56', 1002);
/*!40000 ALTER TABLE `tbl_withdrawal` ENABLE KEYS */;

-- Dumping structure for table db_sungem.tbl_withdraw_lot
CREATE TABLE IF NOT EXISTS `tbl_withdraw_lot` (
  `p_withdraw_id` int(10) unsigned NOT NULL AUTO_INCREMENT,
  `withdraw_id` int(5) NOT NULL DEFAULT '0',
  `orditem_id` int(10) NOT NULL DEFAULT '0',
  `pro_id` int(4) NOT NULL DEFAULT '0',
  `lot_id` int(10) NOT NULL DEFAULT '0',
  `quantity` int(10) NOT NULL DEFAULT '0',
  `date_added` date NOT NULL DEFAULT '0000-00-00',
  `time_added` time NOT NULL DEFAULT '00:00:00',
  `usr_id` int(4) NOT NULL DEFAULT '0',
  PRIMARY KEY (`p_withdraw_id`),
  KEY `withdraw_id` (`withdraw_id`),
  KEY `lot_id` (`lot_id`),
  KEY `usr_id` (`usr_id`),
  KEY `pro_id` (`pro_id`),
  KEY `orditem_id` (`orditem_id`)
) ENGINE=MyISAM AUTO_INCREMENT=113 DEFAULT CHARSET=latin1;

-- Dumping data for table db_sungem.tbl_withdraw_lot: 64 rows
/*!40000 ALTER TABLE `tbl_withdraw_lot` DISABLE KEYS */;
INSERT INTO `tbl_withdraw_lot` (`p_withdraw_id`, `withdraw_id`, `orditem_id`, `pro_id`, `lot_id`, `quantity`, `date_added`, `time_added`, `usr_id`) VALUES
	(1, 1, 0, 10076, 1000000002, 2, '2017-07-12', '11:26:54', 1002),
	(2, 1, 0, 10058, 1000000003, 3, '2017-07-12', '13:36:59', 1002),
	(3, 1, 0, 10039, 1000000001, 1, '2017-07-12', '14:12:10', 1002),
	(13, 10, 0, 10039, 1000000005, 2, '2017-07-26', '02:26:56', 1002),
	(12, 9, 0, 10039, 1000000005, 2, '2017-07-26', '02:23:42', 1002),
	(11, 8, 0, 10039, 1000000005, 2, '2017-07-26', '02:22:50', 1002),
	(10, 7, 0, 10039, 1000000005, 2, '2017-07-26', '02:22:32', 1002),
	(9, 6, 0, 10039, 1000000005, 2, '2017-07-26', '02:20:21', 1002),
	(14, 11, 0, 10039, 1000000005, 2, '2017-07-26', '02:28:59', 1002),
	(15, 12, 0, 10039, 1000000005, 2, '2017-07-26', '02:38:59', 1002),
	(16, 12, 0, 10039, 1000000001, 1, '2017-07-26', '02:38:59', 1002),
	(17, 13, 0, 10039, 1000000005, 5, '2017-07-26', '02:49:42', 1002),
	(18, 13, 0, 10039, 1000000001, 2, '2017-07-26', '02:49:42', 1002),
	(19, 14, 0, 10039, 1000000005, 2, '2017-07-26', '03:12:49', 1002),
	(20, 15, 0, 10039, 1000000005, 2, '2017-07-26', '03:15:03', 1002),
	(21, 15, 0, 10039, 1000000001, 1, '2017-07-26', '03:15:03', 1002),
	(22, 16, 0, 10039, 1000000005, 2, '2017-07-26', '03:26:39', 1002),
	(23, 16, 0, 10039, 1000000001, 1, '2017-07-26', '03:26:39', 1002),
	(24, 17, 0, 10039, 1000000005, 15, '2017-07-27', '17:44:27', 1002),
	(25, 18, 0, 10100, 1000000008, 2, '2017-07-27', '17:55:57', 1002),
	(71, 48, 52, 10039, 1000000007, 8, '2017-07-27', '21:32:18', 1002),
	(57, 41, 32, 10100, 1000000008, 1, '2017-07-27', '20:56:35', 1002),
	(75, 52, 74, 10102, 1000000015, 3, '2017-08-24', '22:24:16', 1002),
	(74, 51, 53, 10039, 1000000001, 1, '2017-08-02', '14:25:42', 1002),
	(73, 50, 62, 10085, 1000000012, 2, '2017-08-02', '14:22:32', 1002),
	(72, 49, 31, 10039, 1000000001, 1, '2017-07-31', '10:23:20', 1002),
	(70, 48, 49, 10039, 1000000007, 10, '2017-07-27', '21:32:18', 1002),
	(76, 53, 53, 10039, 1000000001, 1, '2017-09-02', '13:15:34', 1002),
	(77, 54, 53, 10039, 1000000001, 1, '2017-09-02', '13:40:27', 1002),
	(78, 55, 53, 10039, 1000000001, 1, '2017-09-02', '13:42:11', 1002),
	(79, 56, 42, 10039, 1000000001, 1, '2017-09-02', '13:46:01', 1002),
	(80, 57, 52, 10039, 1000000007, 1, '2017-09-02', '13:47:54', 1002),
	(81, 58, 53, 10039, 1000000001, 1, '2017-09-02', '13:48:09', 1002),
	(82, 59, 53, 10039, 1000000001, 1, '2017-09-02', '13:51:26', 1002),
	(83, 61, 42, 10039, 1000000001, 1, '2017-09-02', '15:51:37', 1002),
	(84, 62, 53, 10039, 1000000001, 1, '2017-09-02', '07:53:13', 0),
	(85, 62, 52, 10039, 1000000007, 1, '2017-09-02', '07:53:13', 0),
	(86, 63, 42, 10039, 1000000001, 1, '2017-09-02', '18:08:16', 1002),
	(87, 64, 42, 10039, 1000000001, 1, '2017-09-03', '12:38:39', 1002),
	(88, 65, 42, 10039, 1000000001, 1, '2017-09-03', '12:41:54', 1002),
	(89, 66, 87, 10039, 1000000011, 1, '2017-09-03', '12:42:09', 1002),
	(90, 67, 42, 10039, 1000000001, 1, '2017-09-03', '12:42:17', 1002),
	(91, 68, 42, 10039, 1000000001, 1, '2017-09-03', '12:44:33', 1002),
	(92, 69, 52, 10039, 1000000007, 1, '2017-09-03', '06:29:22', 0),
	(93, 70, 122, 10039, 1000000001, 1, '2017-09-08', '05:23:32', 0),
	(94, 71, 122, 10039, 1000000001, 1, '2017-09-13', '05:21:02', 1002),
	(95, 72, 32, 10100, 1000000008, 1, '2017-09-13', '05:21:34', 1002),
	(96, 73, 122, 10039, 1000000001, 1, '2017-09-13', '05:24:36', 1002),
	(97, 74, 122, 10039, 1000000001, 1, '2017-09-13', '05:25:10', 1002),
	(98, 75, 68, 10076, 1000000010, 12, '2017-09-13', '14:14:11', 1002),
	(99, 76, 63, 10039, 1000000001, 1, '2017-09-13', '14:15:12', 1002),
	(100, 77, 73, 10039, 1000000011, 5, '2017-09-21', '20:56:37', 1003),
	(101, 78, 136, 10039, 1000000011, 2, '2017-09-21', '20:57:34', 1003),
	(102, 79, 135, 10039, 1000000011, 1, '2017-09-21', '20:58:25', 1003),
	(103, 80, 130, 10054, 1000000021, 1, '2017-09-30', '14:37:01', 1002),
	(104, 81, 130, 10054, 1000000021, 1, '2017-09-29', '12:22:06', 0),
	(105, 83, 146, 10099, 1000000083, 2, '2017-10-01', '07:10:39', 0),
	(106, 84, 143, 10076, 1000000017, 1, '2017-10-03', '12:31:24', 0),
	(107, 86, 132, 10076, 1000000017, 1, '2017-10-03', '12:34:40', 0),
	(108, 86, 148, 10106, 1000000128, 2, '2017-10-03', '12:34:40', 0),
	(109, 86, 149, 10079, 1000000137, 1, '2017-10-03', '12:34:40', 0),
	(110, 87, 130, 10054, 1000000021, 1, '2017-10-03', '12:34:58', 0),
	(111, 88, 32, 10100, 1000000008, 1, '2017-10-11', '00:15:45', 1002),
	(112, 89, 63, 10039, 1000000001, 1, '2017-10-11', '00:27:56', 1002);
/*!40000 ALTER TABLE `tbl_withdraw_lot` ENABLE KEYS */;

/*!40101 SET SQL_MODE=IFNULL(@OLD_SQL_MODE, '') */;
/*!40014 SET FOREIGN_KEY_CHECKS=IF(@OLD_FOREIGN_KEY_CHECKS IS NULL, 1, @OLD_FOREIGN_KEY_CHECKS) */;
/*!40101 SET CHARACTER_SET_CLIENT=@OLD_CHARACTER_SET_CLIENT */;
